experiment_group,problem,metric,direction,reference_variant,comparison_variant,effect_size_name,effect_size,effect_direction,p_value_holm,status,report_status
A1_supplementary,DASCMOP1_difficulty13,hv,higher,MOSADE,MOSADE_fixed_eps_initial,cliffs_delta_comparison_minus_reference,-1.0,reference_better,2.7939677238464355e-09,usable,usable
A1_supplementary,DASCMOP1_difficulty13,hv,higher,MOSADE,MOSADE_eps_zero,cliffs_delta_comparison_minus_reference,1.0,comparison_better,2.7939677238464355e-09,usable,usable
A1_supplementary,DASCMOP1_difficulty13,hv,higher,MOSADE_fixed_eps_initial,MOSADE_eps_zero,cliffs_delta_comparison_minus_reference,1.0,comparison_better,2.7939677238464355e-09,usable,usable
A1_supplementary,DASCMOP1_difficulty13,igd,lower,MOSADE,MOSADE_fixed_eps_initial,cliffs_delta_comparison_minus_reference,1.0,reference_better,2.7939677238464355e-09,usable,usable
A1_supplementary,DASCMOP1_difficulty13,igd,lower,MOSADE,MOSADE_eps_zero,cliffs_delta_comparison_minus_reference,-1.0,comparison_better,2.7939677238464355e-09,usable,usable
A1_supplementary,DASCMOP1_difficulty13,igd,lower,MOSADE_fixed_eps_initial,MOSADE_eps_zero,cliffs_delta_comparison_minus_reference,-1.0,comparison_better,2.7939677238464355e-09,usable,usable
A1_supplementary,DASCMOP1_difficulty13,igd_plus,lower,MOSADE,MOSADE_fixed_eps_initial,cliffs_delta_comparison_minus_reference,1.0,reference_better,2.7939677238464355e-09,usable,usable
A1_supplementary,DASCMOP1_difficulty13,igd_plus,lower,MOSADE,MOSADE_eps_zero,cliffs_delta_comparison_minus_reference,-1.0,comparison_better,2.7939677238464355e-09,usable,usable
A1_supplementary,DASCMOP1_difficulty13,igd_plus,lower,MOSADE_fixed_eps_initial,MOSADE_eps_zero,cliffs_delta_comparison_minus_reference,-1.0,comparison_better,2.7939677238464355e-09,usable,usable
A1_supplementary,DASCMOP1_difficulty13,gd,lower,MOSADE,MOSADE_fixed_eps_initial,cliffs_delta_comparison_minus_reference,0.9354838709677419,reference_better,5.587935447692871e-09,usable,usable
A1_supplementary,DASCMOP1_difficulty13,gd,lower,MOSADE,MOSADE_eps_zero,cliffs_delta_comparison_minus_reference,-0.9292403746097815,comparison_better,5.587935447692871e-09,usable,usable
A1_supplementary,DASCMOP1_difficulty13,gd,lower,MOSADE_fixed_eps_initial,MOSADE_eps_zero,cliffs_delta_comparison_minus_reference,-0.9354838709677419,comparison_better,5.587935447692871e-09,usable,usable
A1_supplementary,DASCMOP1_difficulty13,spread,lower,MOSADE,MOSADE_fixed_eps_initial,cliffs_delta_comparison_minus_reference,-0.39854318418314255,comparison_better,0.060623603872954845,usable,usable
A1_supplementary,DASCMOP1_difficulty13,spread,lower,MOSADE,MOSADE_eps_zero,cliffs_delta_comparison_minus_reference,-1.0,comparison_better,2.7939677238464355e-09,usable,usable
A1_supplementary,DASCMOP1_difficulty13,spread,lower,MOSADE_fixed_eps_initial,MOSADE_eps_zero,cliffs_delta_comparison_minus_reference,-1.0,comparison_better,2.7939677238464355e-09,usable,usable
A1_supplementary,DASCMOP1_difficulty13,time_s,lower,MOSADE,MOSADE_fixed_eps_initial,cliffs_delta_comparison_minus_reference,0.9875130072840791,reference_better,2.7939677238464355e-09,usable,usable
A1_supplementary,DASCMOP1_difficulty13,time_s,lower,MOSADE,MOSADE_eps_zero,cliffs_delta_comparison_minus_reference,0.991675338189386,reference_better,2.7939677238464355e-09,usable,usable
A1_supplementary,DASCMOP1_difficulty13,time_s,lower,MOSADE_fixed_eps_initial,MOSADE_eps_zero,cliffs_delta_comparison_minus_reference,0.22164412070759626,reference_better,0.007087168283760548,usable,usable
A1_supplementary,DASCMOP4_difficulty13,hv,higher,MOSADE,MOSADE_fixed_eps_initial,cliffs_delta_comparison_minus_reference,-0.991675338189386,reference_better,2.7939677238464355e-09,usable,usable
A1_supplementary,DASCMOP4_difficulty13,hv,higher,MOSADE,MOSADE_eps_zero,cliffs_delta_comparison_minus_reference,0.8459937565036421,comparison_better,5.122274160385132e-08,usable,usable
A1_supplementary,DASCMOP4_difficulty13,hv,higher,MOSADE_fixed_eps_initial,MOSADE_eps_zero,cliffs_delta_comparison_minus_reference,1.0,comparison_better,2.7939677238464355e-09,usable,usable
A1_supplementary,DASCMOP4_difficulty13,igd,lower,MOSADE,MOSADE_fixed_eps_initial,cliffs_delta_comparison_minus_reference,0.9979188345473465,reference_better,2.7939677238464355e-09,usable,usable
A1_supplementary,DASCMOP4_difficulty13,igd,lower,MOSADE,MOSADE_eps_zero,cliffs_delta_comparison_minus_reference,-1.0,comparison_better,2.7939677238464355e-09,usable,usable
A1_supplementary,DASCMOP4_difficulty13,igd,lower,MOSADE_fixed_eps_initial,MOSADE_eps_zero,cliffs_delta_comparison_minus_reference,-1.0,comparison_better,2.7939677238464355e-09,usable,usable
A1_supplementary,DASCMOP4_difficulty13,igd_plus,lower,MOSADE,MOSADE_fixed_eps_initial,cliffs_delta_comparison_minus_reference,1.0,reference_better,2.7939677238464355e-09,usable,usable
A1_supplementary,DASCMOP4_difficulty13,igd_plus,lower,MOSADE,MOSADE_eps_zero,cliffs_delta_comparison_minus_reference,-1.0,comparison_better,2.7939677238464355e-09,usable,usable
A1_supplementary,DASCMOP4_difficulty13,igd_plus,lower,MOSADE_fixed_eps_initial,MOSADE_eps_zero,cliffs_delta_comparison_minus_reference,-1.0,comparison_better,2.7939677238464355e-09,usable,usable
A1_supplementary,DASCMOP4_difficulty13,gd,lower,MOSADE,MOSADE_fixed_eps_initial,cliffs_delta_comparison_minus_reference,1.0,reference_better,2.7939677238464355e-09,usable,usable
A1_supplementary,DASCMOP4_difficulty13,gd,lower,MOSADE,MOSADE_eps_zero,cliffs_delta_comparison_minus_reference,-0.8459937565036421,comparison_better,9.313225746154785e-09,usable,usable
A1_supplementary,DASCMOP4_difficulty13,gd,lower,MOSADE_fixed_eps_initial,MOSADE_eps_zero,cliffs_delta_comparison_minus_reference,-1.0,comparison_better,2.7939677238464355e-09,usable,usable
A1_supplementary,DASCMOP4_difficulty13,spread,lower,MOSADE,MOSADE_fixed_eps_initial,cliffs_delta_comparison_minus_reference,-0.7481789802289281,comparison_better,1.9278377294540405e-07,usable,usable
A1_supplementary,DASCMOP4_difficulty13,spread,lower,MOSADE,MOSADE_eps_zero,cliffs_delta_comparison_minus_reference,-1.0,comparison_better,2.7939677238464355e-09,usable,usable
A1_supplementary,DASCMOP4_difficulty13,spread,lower,MOSADE_fixed_eps_initial,MOSADE_eps_zero,cliffs_delta_comparison_minus_reference,-1.0,comparison_better,2.7939677238464355e-09,usable,usable
A1_supplementary,DASCMOP4_difficulty13,time_s,lower,MOSADE,MOSADE_fixed_eps_initial,cliffs_delta_comparison_minus_reference,-0.7960457856399584,comparison_better,2.7939677238464355e-09,usable,usable
A1_supplementary,DASCMOP4_difficulty13,time_s,lower,MOSADE,MOSADE_eps_zero,cliffs_delta_comparison_minus_reference,0.9875130072840791,reference_better,2.7939677238464355e-09,usable,usable
A1_supplementary,DASCMOP4_difficulty13,time_s,lower,MOSADE_fixed_eps_initial,MOSADE_eps_zero,cliffs_delta_comparison_minus_reference,1.0,reference_better,2.7939677238464355e-09,usable,usable
A1_supplementary,DASCMOP4_difficulty7,hv,higher,MOSADE,MOSADE_fixed_eps_initial,cliffs_delta_comparison_minus_reference,0.0,no_effect,1.0,all_zero_differences_no_effect,usable
A1_supplementary,DASCMOP4_difficulty7,hv,higher,MOSADE,MOSADE_eps_zero,cliffs_delta_comparison_minus_reference,0.0,no_effect,1.0,all_zero_differences_no_effect,usable
A1_supplementary,DASCMOP4_difficulty7,hv,higher,MOSADE_fixed_eps_initial,MOSADE_eps_zero,cliffs_delta_comparison_minus_reference,0.0,no_effect,1.0,all_zero_differences_no_effect,usable
A1_supplementary,DASCMOP4_difficulty7,igd,lower,MOSADE,MOSADE_fixed_eps_initial,cliffs_delta_comparison_minus_reference,0.0,no_effect,1.0,all_zero_differences_no_effect,usable
A1_supplementary,DASCMOP4_difficulty7,igd,lower,MOSADE,MOSADE_eps_zero,cliffs_delta_comparison_minus_reference,0.0,no_effect,1.0,all_zero_differences_no_effect,usable
A1_supplementary,DASCMOP4_difficulty7,igd,lower,MOSADE_fixed_eps_initial,MOSADE_eps_zero,cliffs_delta_comparison_minus_reference,0.0,no_effect,1.0,all_zero_differences_no_effect,usable
A1_supplementary,DASCMOP4_difficulty7,igd_plus,lower,MOSADE,MOSADE_fixed_eps_initial,cliffs_delta_comparison_minus_reference,0.0,no_effect,1.0,all_zero_differences_no_effect,usable
A1_supplementary,DASCMOP4_difficulty7,igd_plus,lower,MOSADE,MOSADE_eps_zero,cliffs_delta_comparison_minus_reference,0.0,no_effect,1.0,all_zero_differences_no_effect,usable
A1_supplementary,DASCMOP4_difficulty7,igd_plus,lower,MOSADE_fixed_eps_initial,MOSADE_eps_zero,cliffs_delta_comparison_minus_reference,0.0,no_effect,1.0,all_zero_differences_no_effect,usable
A1_supplementary,DASCMOP4_difficulty7,gd,lower,MOSADE,MOSADE_fixed_eps_initial,cliffs_delta_comparison_minus_reference,0.0,no_effect,1.0,all_zero_differences_no_effect,usable
A1_supplementary,DASCMOP4_difficulty7,gd,lower,MOSADE,MOSADE_eps_zero,cliffs_delta_comparison_minus_reference,0.0,no_effect,1.0,all_zero_differences_no_effect,usable
A1_supplementary,DASCMOP4_difficulty7,gd,lower,MOSADE_fixed_eps_initial,MOSADE_eps_zero,cliffs_delta_comparison_minus_reference,0.0,no_effect,1.0,all_zero_differences_no_effect,usable
A1_supplementary,DASCMOP4_difficulty7,spread,lower,MOSADE,MOSADE_fixed_eps_initial,cliffs_delta_comparison_minus_reference,0.0,no_effect,1.0,all_zero_differences_no_effect,usable
A1_supplementary,DASCMOP4_difficulty7,spread,lower,MOSADE,MOSADE_eps_zero,cliffs_delta_comparison_minus_reference,0.0,no_effect,1.0,all_zero_differences_no_effect,usable
A1_supplementary,DASCMOP4_difficulty7,spread,lower,MOSADE_fixed_eps_initial,MOSADE_eps_zero,cliffs_delta_comparison_minus_reference,0.0,no_effect,1.0,all_zero_differences_no_effect,usable
A1_supplementary,DASCMOP4_difficulty7,time_s,lower,MOSADE,MOSADE_fixed_eps_initial,cliffs_delta_comparison_minus_reference,0.01768990634755463,reference_better,0.10233690217137337,usable,usable
A1_supplementary,DASCMOP4_difficulty7,time_s,lower,MOSADE,MOSADE_eps_zero,cliffs_delta_comparison_minus_reference,0.09053069719042664,reference_better,2.7939677238464355e-09,usable,usable
A1_supplementary,DASCMOP4_difficulty7,time_s,lower,MOSADE_fixed_eps_initial,MOSADE_eps_zero,cliffs_delta_comparison_minus_reference,0.06971904266389178,reference_better,0.0018071550875902176,usable,usable
A1_supplementary,DASCMOP7_difficulty7,hv,higher,MOSADE,MOSADE_fixed_eps_initial,cliffs_delta_comparison_minus_reference,0.0,no_effect,1.0,all_zero_differences_no_effect,usable
A1_supplementary,DASCMOP7_difficulty7,hv,higher,MOSADE,MOSADE_eps_zero,cliffs_delta_comparison_minus_reference,0.0,no_effect,1.0,all_zero_differences_no_effect,usable
A1_supplementary,DASCMOP7_difficulty7,hv,higher,MOSADE_fixed_eps_initial,MOSADE_eps_zero,cliffs_delta_comparison_minus_reference,0.0,no_effect,1.0,all_zero_differences_no_effect,usable
A1_supplementary,DASCMOP7_difficulty7,igd,lower,MOSADE,MOSADE_fixed_eps_initial,cliffs_delta_comparison_minus_reference,0.0,no_effect,1.0,all_zero_differences_no_effect,usable
A1_supplementary,DASCMOP7_difficulty7,igd,lower,MOSADE,MOSADE_eps_zero,cliffs_delta_comparison_minus_reference,0.0,no_effect,1.0,all_zero_differences_no_effect,usable
A1_supplementary,DASCMOP7_difficulty7,igd,lower,MOSADE_fixed_eps_initial,MOSADE_eps_zero,cliffs_delta_comparison_minus_reference,0.0,no_effect,1.0,all_zero_differences_no_effect,usable
A1_supplementary,DASCMOP7_difficulty7,igd_plus,lower,MOSADE,MOSADE_fixed_eps_initial,cliffs_delta_comparison_minus_reference,0.0,no_effect,1.0,all_zero_differences_no_effect,usable
A1_supplementary,DASCMOP7_difficulty7,igd_plus,lower,MOSADE,MOSADE_eps_zero,cliffs_delta_comparison_minus_reference,0.0,no_effect,1.0,all_zero_differences_no_effect,usable
A1_supplementary,DASCMOP7_difficulty7,igd_plus,lower,MOSADE_fixed_eps_initial,MOSADE_eps_zero,cliffs_delta_comparison_minus_reference,0.0,no_effect,1.0,all_zero_differences_no_effect,usable
A1_supplementary,DASCMOP7_difficulty7,gd,lower,MOSADE,MOSADE_fixed_eps_initial,cliffs_delta_comparison_minus_reference,0.0,no_effect,1.0,all_zero_differences_no_effect,usable
A1_supplementary,DASCMOP7_difficulty7,gd,lower,MOSADE,MOSADE_eps_zero,cliffs_delta_comparison_minus_reference,0.0,no_effect,1.0,all_zero_differences_no_effect,usable
A1_supplementary,DASCMOP7_difficulty7,gd,lower,MOSADE_fixed_eps_initial,MOSADE_eps_zero,cliffs_delta_comparison_minus_reference,0.0,no_effect,1.0,all_zero_differences_no_effect,usable
A1_supplementary,DASCMOP7_difficulty7,spread,lower,MOSADE,MOSADE_fixed_eps_initial,cliffs_delta_comparison_minus_reference,0.0,no_effect,1.0,all_zero_differences_no_effect,usable
A1_supplementary,DASCMOP7_difficulty7,spread,lower,MOSADE,MOSADE_eps_zero,cliffs_delta_comparison_minus_reference,0.0,no_effect,1.0,all_zero_differences_no_effect,usable
A1_supplementary,DASCMOP7_difficulty7,spread,lower,MOSADE_fixed_eps_initial,MOSADE_eps_zero,cliffs_delta_comparison_minus_reference,0.0,no_effect,1.0,all_zero_differences_no_effect,usable
A1_supplementary,DASCMOP7_difficulty7,time_s,lower,MOSADE,MOSADE_fixed_eps_initial,cliffs_delta_comparison_minus_reference,0.1571279916753382,reference_better,5.587935447692871e-09,usable,usable
A1_supplementary,DASCMOP7_difficulty7,time_s,lower,MOSADE,MOSADE_eps_zero,cliffs_delta_comparison_minus_reference,0.1404786680541103,reference_better,2.090074121952057e-05,usable,usable
A1_supplementary,DASCMOP7_difficulty7,time_s,lower,MOSADE_fixed_eps_initial,MOSADE_eps_zero,cliffs_delta_comparison_minus_reference,-0.015608740894901144,comparison_better,0.49194561038166285,usable,usable
A1_supplementary,DTLZ2_n_obj3,hv,higher,MOSADE,MOSADE_fixed_eps_initial,cliffs_delta_comparison_minus_reference,0.0,no_effect,1.0,all_zero_differences_no_effect,usable
A1_supplementary,DTLZ2_n_obj3,hv,higher,MOSADE,MOSADE_eps_zero,cliffs_delta_comparison_minus_reference,0.0,no_effect,1.0,all_zero_differences_no_effect,usable
A1_supplementary,DTLZ2_n_obj3,hv,higher,MOSADE_fixed_eps_initial,MOSADE_eps_zero,cliffs_delta_comparison_minus_reference,0.0,no_effect,1.0,all_zero_differences_no_effect,usable
A1_supplementary,DTLZ2_n_obj3,igd,lower,MOSADE,MOSADE_fixed_eps_initial,cliffs_delta_comparison_minus_reference,0.0,no_effect,1.0,all_zero_differences_no_effect,usable
A1_supplementary,DTLZ2_n_obj3,igd,lower,MOSADE,MOSADE_eps_zero,cliffs_delta_comparison_minus_reference,0.0,no_effect,1.0,all_zero_differences_no_effect,usable
A1_supplementary,DTLZ2_n_obj3,igd,lower,MOSADE_fixed_eps_initial,MOSADE_eps_zero,cliffs_delta_comparison_minus_reference,0.0,no_effect,1.0,all_zero_differences_no_effect,usable
A1_supplementary,DTLZ2_n_obj3,igd_plus,lower,MOSADE,MOSADE_fixed_eps_initial,cliffs_delta_comparison_minus_reference,0.0,no_effect,1.0,all_zero_differences_no_effect,usable
A1_supplementary,DTLZ2_n_obj3,igd_plus,lower,MOSADE,MOSADE_eps_zero,cliffs_delta_comparison_minus_reference,0.0,no_effect,1.0,all_zero_differences_no_effect,usable
A1_supplementary,DTLZ2_n_obj3,igd_plus,lower,MOSADE_fixed_eps_initial,MOSADE_eps_zero,cliffs_delta_comparison_minus_reference,0.0,no_effect,1.0,all_zero_differences_no_effect,usable
A1_supplementary,DTLZ2_n_obj3,gd,lower,MOSADE,MOSADE_fixed_eps_initial,cliffs_delta_comparison_minus_reference,0.0,no_effect,1.0,all_zero_differences_no_effect,usable
A1_supplementary,DTLZ2_n_obj3,gd,lower,MOSADE,MOSADE_eps_zero,cliffs_delta_comparison_minus_reference,0.0,no_effect,1.0,all_zero_differences_no_effect,usable
A1_supplementary,DTLZ2_n_obj3,gd,lower,MOSADE_fixed_eps_initial,MOSADE_eps_zero,cliffs_delta_comparison_minus_reference,0.0,no_effect,1.0,all_zero_differences_no_effect,usable
A1_supplementary,DTLZ2_n_obj3,spread,lower,MOSADE,MOSADE_fixed_eps_initial,cliffs_delta_comparison_minus_reference,0.0,no_effect,1.0,all_zero_differences_no_effect,usable
A1_supplementary,DTLZ2_n_obj3,spread,lower,MOSADE,MOSADE_eps_zero,cliffs_delta_comparison_minus_reference,0.0,no_effect,1.0,all_zero_differences_no_effect,usable
A1_supplementary,DTLZ2_n_obj3,spread,lower,MOSADE_fixed_eps_initial,MOSADE_eps_zero,cliffs_delta_comparison_minus_reference,0.0,no_effect,1.0,all_zero_differences_no_effect,usable
A1_supplementary,DTLZ2_n_obj3,time_s,lower,MOSADE,MOSADE_fixed_eps_initial,cliffs_delta_comparison_minus_reference,-0.29448491155046824,comparison_better,9.162351489067078e-06,usable,usable
A1_supplementary,DTLZ2_n_obj3,time_s,lower,MOSADE,MOSADE_eps_zero,cliffs_delta_comparison_minus_reference,0.38189386056191466,reference_better,1.991167664527893e-06,usable,usable
A1_supplementary,DTLZ2_n_obj3,time_s,lower,MOSADE_fixed_eps_initial,MOSADE_eps_zero,cliffs_delta_comparison_minus_reference,0.5837669094693028,reference_better,3.91155481338501e-08,usable,usable
A1_supplementary,WFG4,hv,higher,MOSADE,MOSADE_fixed_eps_initial,cliffs_delta_comparison_minus_reference,0.0,no_effect,1.0,all_zero_differences_no_effect,usable
A1_supplementary,WFG4,hv,higher,MOSADE,MOSADE_eps_zero,cliffs_delta_comparison_minus_reference,0.0,no_effect,1.0,all_zero_differences_no_effect,usable
A1_supplementary,WFG4,hv,higher,MOSADE_fixed_eps_initial,MOSADE_eps_zero,cliffs_delta_comparison_minus_reference,0.0,no_effect,1.0,all_zero_differences_no_effect,usable
A1_supplementary,WFG4,igd,lower,MOSADE,MOSADE_fixed_eps_initial,cliffs_delta_comparison_minus_reference,0.0,no_effect,1.0,all_zero_differences_no_effect,usable
A1_supplementary,WFG4,igd,lower,MOSADE,MOSADE_eps_zero,cliffs_delta_comparison_minus_reference,0.0,no_effect,1.0,all_zero_differences_no_effect,usable
A1_supplementary,WFG4,igd,lower,MOSADE_fixed_eps_initial,MOSADE_eps_zero,cliffs_delta_comparison_minus_reference,0.0,no_effect,1.0,all_zero_differences_no_effect,usable
A1_supplementary,WFG4,igd_plus,lower,MOSADE,MOSADE_fixed_eps_initial,cliffs_delta_comparison_minus_reference,0.0,no_effect,1.0,all_zero_differences_no_effect,usable
A1_supplementary,WFG4,igd_plus,lower,MOSADE,MOSADE_eps_zero,cliffs_delta_comparison_minus_reference,0.0,no_effect,1.0,all_zero_differences_no_effect,usable
A1_supplementary,WFG4,igd_plus,lower,MOSADE_fixed_eps_initial,MOSADE_eps_zero,cliffs_delta_comparison_minus_reference,0.0,no_effect,1.0,all_zero_differences_no_effect,usable
A1_supplementary,WFG4,gd,lower,MOSADE,MOSADE_fixed_eps_initial,cliffs_delta_comparison_minus_reference,0.0,no_effect,1.0,all_zero_differences_no_effect,usable
A1_supplementary,WFG4,gd,lower,MOSADE,MOSADE_eps_zero,cliffs_delta_comparison_minus_reference,0.0,no_effect,1.0,all_zero_differences_no_effect,usable
A1_supplementary,WFG4,gd,lower,MOSADE_fixed_eps_initial,MOSADE_eps_zero,cliffs_delta_comparison_minus_reference,0.0,no_effect,1.0,all_zero_differences_no_effect,usable
A1_supplementary,WFG4,spread,lower,MOSADE,MOSADE_fixed_eps_initial,cliffs_delta_comparison_minus_reference,0.0,no_effect,1.0,all_zero_differences_no_effect,usable
A1_supplementary,WFG4,spread,lower,MOSADE,MOSADE_eps_zero,cliffs_delta_comparison_minus_reference,0.0,no_effect,1.0,all_zero_differences_no_effect,usable
A1_supplementary,WFG4,spread,lower,MOSADE_fixed_eps_initial,MOSADE_eps_zero,cliffs_delta_comparison_minus_reference,0.0,no_effect,1.0,all_zero_differences_no_effect,usable
A1_supplementary,WFG4,time_s,lower,MOSADE,MOSADE_fixed_eps_initial,cliffs_delta_comparison_minus_reference,0.9375650364203955,reference_better,2.7939677238464355e-09,usable,usable
A1_supplementary,WFG4,time_s,lower,MOSADE,MOSADE_eps_zero,cliffs_delta_comparison_minus_reference,0.9375650364203955,reference_better,2.7939677238464355e-09,usable,usable
A1_supplementary,WFG4,time_s,lower,MOSADE_fixed_eps_initial,MOSADE_eps_zero,cliffs_delta_comparison_minus_reference,0.30697190426638915,reference_better,0.000131131149828434,usable,usable
A1_supplementary,WFG9,hv,higher,MOSADE,MOSADE_fixed_eps_initial,cliffs_delta_comparison_minus_reference,0.0,no_effect,1.0,all_zero_differences_no_effect,usable
A1_supplementary,WFG9,hv,higher,MOSADE,MOSADE_eps_zero,cliffs_delta_comparison_minus_reference,0.0,no_effect,1.0,all_zero_differences_no_effect,usable
A1_supplementary,WFG9,hv,higher,MOSADE_fixed_eps_initial,MOSADE_eps_zero,cliffs_delta_comparison_minus_reference,0.0,no_effect,1.0,all_zero_differences_no_effect,usable
A1_supplementary,WFG9,igd,lower,MOSADE,MOSADE_fixed_eps_initial,cliffs_delta_comparison_minus_reference,0.0,no_effect,1.0,all_zero_differences_no_effect,usable
A1_supplementary,WFG9,igd,lower,MOSADE,MOSADE_eps_zero,cliffs_delta_comparison_minus_reference,0.0,no_effect,1.0,all_zero_differences_no_effect,usable
A1_supplementary,WFG9,igd,lower,MOSADE_fixed_eps_initial,MOSADE_eps_zero,cliffs_delta_comparison_minus_reference,0.0,no_effect,1.0,all_zero_differences_no_effect,usable
A1_supplementary,WFG9,igd_plus,lower,MOSADE,MOSADE_fixed_eps_initial,cliffs_delta_comparison_minus_reference,0.0,no_effect,1.0,all_zero_differences_no_effect,usable
A1_supplementary,WFG9,igd_plus,lower,MOSADE,MOSADE_eps_zero,cliffs_delta_comparison_minus_reference,0.0,no_effect,1.0,all_zero_differences_no_effect,usable
A1_supplementary,WFG9,igd_plus,lower,MOSADE_fixed_eps_initial,MOSADE_eps_zero,cliffs_delta_comparison_minus_reference,0.0,no_effect,1.0,all_zero_differences_no_effect,usable
A1_supplementary,WFG9,gd,lower,MOSADE,MOSADE_fixed_eps_initial,cliffs_delta_comparison_minus_reference,0.0,no_effect,1.0,all_zero_differences_no_effect,usable
A1_supplementary,WFG9,gd,lower,MOSADE,MOSADE_eps_zero,cliffs_delta_comparison_minus_reference,0.0,no_effect,1.0,all_zero_differences_no_effect,usable
A1_supplementary,WFG9,gd,lower,MOSADE_fixed_eps_initial,MOSADE_eps_zero,cliffs_delta_comparison_minus_reference,0.0,no_effect,1.0,all_zero_differences_no_effect,usable
A1_supplementary,WFG9,spread,lower,MOSADE,MOSADE_fixed_eps_initial,cliffs_delta_comparison_minus_reference,0.0,no_effect,1.0,all_zero_differences_no_effect,usable
A1_supplementary,WFG9,spread,lower,MOSADE,MOSADE_eps_zero,cliffs_delta_comparison_minus_reference,0.0,no_effect,1.0,all_zero_differences_no_effect,usable
A1_supplementary,WFG9,spread,lower,MOSADE_fixed_eps_initial,MOSADE_eps_zero,cliffs_delta_comparison_minus_reference,0.0,no_effect,1.0,all_zero_differences_no_effect,usable
A1_supplementary,WFG9,time_s,lower,MOSADE,MOSADE_fixed_eps_initial,cliffs_delta_comparison_minus_reference,-0.8626430801248699,comparison_better,2.7939677238464355e-09,usable,usable
A1_supplementary,WFG9,time_s,lower,MOSADE,MOSADE_eps_zero,cliffs_delta_comparison_minus_reference,-0.8896982310093653,comparison_better,2.7939677238464355e-09,usable,usable
A1_supplementary,WFG9,time_s,lower,MOSADE_fixed_eps_initial,MOSADE_eps_zero,cliffs_delta_comparison_minus_reference,-0.11550468262226847,comparison_better,0.011704971082508564,usable,usable
A1_supplementary,ZDT1,hv,higher,MOSADE,MOSADE_fixed_eps_initial,cliffs_delta_comparison_minus_reference,0.0,no_effect,1.0,all_zero_differences_no_effect,usable
A1_supplementary,ZDT1,hv,higher,MOSADE,MOSADE_eps_zero,cliffs_delta_comparison_minus_reference,0.0,no_effect,1.0,all_zero_differences_no_effect,usable
A1_supplementary,ZDT1,hv,higher,MOSADE_fixed_eps_initial,MOSADE_eps_zero,cliffs_delta_comparison_minus_reference,0.0,no_effect,1.0,all_zero_differences_no_effect,usable
A1_supplementary,ZDT1,igd,lower,MOSADE,MOSADE_fixed_eps_initial,cliffs_delta_comparison_minus_reference,0.0,no_effect,1.0,all_zero_differences_no_effect,usable
A1_supplementary,ZDT1,igd,lower,MOSADE,MOSADE_eps_zero,cliffs_delta_comparison_minus_reference,0.0,no_effect,1.0,all_zero_differences_no_effect,usable
A1_supplementary,ZDT1,igd,lower,MOSADE_fixed_eps_initial,MOSADE_eps_zero,cliffs_delta_comparison_minus_reference,0.0,no_effect,1.0,all_zero_differences_no_effect,usable
A1_supplementary,ZDT1,igd_plus,lower,MOSADE,MOSADE_fixed_eps_initial,cliffs_delta_comparison_minus_reference,0.0,no_effect,1.0,all_zero_differences_no_effect,usable
A1_supplementary,ZDT1,igd_plus,lower,MOSADE,MOSADE_eps_zero,cliffs_delta_comparison_minus_reference,0.0,no_effect,1.0,all_zero_differences_no_effect,usable
A1_supplementary,ZDT1,igd_plus,lower,MOSADE_fixed_eps_initial,MOSADE_eps_zero,cliffs_delta_comparison_minus_reference,0.0,no_effect,1.0,all_zero_differences_no_effect,usable
A1_supplementary,ZDT1,gd,lower,MOSADE,MOSADE_fixed_eps_initial,cliffs_delta_comparison_minus_reference,0.0,no_effect,1.0,all_zero_differences_no_effect,usable
A1_supplementary,ZDT1,gd,lower,MOSADE,MOSADE_eps_zero,cliffs_delta_comparison_minus_reference,0.0,no_effect,1.0,all_zero_differences_no_effect,usable
A1_supplementary,ZDT1,gd,lower,MOSADE_fixed_eps_initial,MOSADE_eps_zero,cliffs_delta_comparison_minus_reference,0.0,no_effect,1.0,all_zero_differences_no_effect,usable
A1_supplementary,ZDT1,spread,lower,MOSADE,MOSADE_fixed_eps_initial,cliffs_delta_comparison_minus_reference,0.0,no_effect,1.0,all_zero_differences_no_effect,usable
A1_supplementary,ZDT1,spread,lower,MOSADE,MOSADE_eps_zero,cliffs_delta_comparison_minus_reference,0.0,no_effect,1.0,all_zero_differences_no_effect,usable
A1_supplementary,ZDT1,spread,lower,MOSADE_fixed_eps_initial,MOSADE_eps_zero,cliffs_delta_comparison_minus_reference,0.0,no_effect,1.0,all_zero_differences_no_effect,usable
A1_supplementary,ZDT1,time_s,lower,MOSADE,MOSADE_fixed_eps_initial,cliffs_delta_comparison_minus_reference,0.8668054110301769,reference_better,2.7623027563095093e-06,usable,usable
A1_supplementary,ZDT1,time_s,lower,MOSADE,MOSADE_eps_zero,cliffs_delta_comparison_minus_reference,0.4797086368366285,reference_better,0.0018533961847424507,usable,usable
A1_supplementary,ZDT1,time_s,lower,MOSADE_fixed_eps_initial,MOSADE_eps_zero,cliffs_delta_comparison_minus_reference,-0.7127991675338189,comparison_better,2.7939677238464355e-09,usable,usable
A1_supplementary,ZDT3,hv,higher,MOSADE,MOSADE_fixed_eps_initial,cliffs_delta_comparison_minus_reference,0.0,no_effect,1.0,all_zero_differences_no_effect,usable
A1_supplementary,ZDT3,hv,higher,MOSADE,MOSADE_eps_zero,cliffs_delta_comparison_minus_reference,0.0,no_effect,1.0,all_zero_differences_no_effect,usable
A1_supplementary,ZDT3,hv,higher,MOSADE_fixed_eps_initial,MOSADE_eps_zero,cliffs_delta_comparison_minus_reference,0.0,no_effect,1.0,all_zero_differences_no_effect,usable
A1_supplementary,ZDT3,igd,lower,MOSADE,MOSADE_fixed_eps_initial,cliffs_delta_comparison_minus_reference,0.0,no_effect,1.0,all_zero_differences_no_effect,usable
A1_supplementary,ZDT3,igd,lower,MOSADE,MOSADE_eps_zero,cliffs_delta_comparison_minus_reference,0.0,no_effect,1.0,all_zero_differences_no_effect,usable
A1_supplementary,ZDT3,igd,lower,MOSADE_fixed_eps_initial,MOSADE_eps_zero,cliffs_delta_comparison_minus_reference,0.0,no_effect,1.0,all_zero_differences_no_effect,usable
A1_supplementary,ZDT3,igd_plus,lower,MOSADE,MOSADE_fixed_eps_initial,cliffs_delta_comparison_minus_reference,0.0,no_effect,1.0,all_zero_differences_no_effect,usable
A1_supplementary,ZDT3,igd_plus,lower,MOSADE,MOSADE_eps_zero,cliffs_delta_comparison_minus_reference,0.0,no_effect,1.0,all_zero_differences_no_effect,usable
A1_supplementary,ZDT3,igd_plus,lower,MOSADE_fixed_eps_initial,MOSADE_eps_zero,cliffs_delta_comparison_minus_reference,0.0,no_effect,1.0,all_zero_differences_no_effect,usable
A1_supplementary,ZDT3,gd,lower,MOSADE,MOSADE_fixed_eps_initial,cliffs_delta_comparison_minus_reference,0.0,no_effect,1.0,all_zero_differences_no_effect,usable
A1_supplementary,ZDT3,gd,lower,MOSADE,MOSADE_eps_zero,cliffs_delta_comparison_minus_reference,0.0,no_effect,1.0,all_zero_differences_no_effect,usable
A1_supplementary,ZDT3,gd,lower,MOSADE_fixed_eps_initial,MOSADE_eps_zero,cliffs_delta_comparison_minus_reference,0.0,no_effect,1.0,all_zero_differences_no_effect,usable
A1_supplementary,ZDT3,spread,lower,MOSADE,MOSADE_fixed_eps_initial,cliffs_delta_comparison_minus_reference,0.0,no_effect,1.0,all_zero_differences_no_effect,usable
A1_supplementary,ZDT3,spread,lower,MOSADE,MOSADE_eps_zero,cliffs_delta_comparison_minus_reference,0.0,no_effect,1.0,all_zero_differences_no_effect,usable
A1_supplementary,ZDT3,spread,lower,MOSADE_fixed_eps_initial,MOSADE_eps_zero,cliffs_delta_comparison_minus_reference,0.0,no_effect,1.0,all_zero_differences_no_effect,usable
A1_supplementary,ZDT3,time_s,lower,MOSADE,MOSADE_fixed_eps_initial,cliffs_delta_comparison_minus_reference,0.7336108220603538,reference_better,1.2489035725593567e-06,usable,usable
A1_supplementary,ZDT3,time_s,lower,MOSADE,MOSADE_eps_zero,cliffs_delta_comparison_minus_reference,0.6753381893860562,reference_better,2.7623027563095093e-06,usable,usable
A1_supplementary,ZDT3,time_s,lower,MOSADE_fixed_eps_initial,MOSADE_eps_zero,cliffs_delta_comparison_minus_reference,-0.20291363163371487,comparison_better,0.028926550410687923,usable,usable
