source_block,source_file,metric,metric_reported_as,n,bootstrap_seed,n_bootstrap,result_dir,problem,algorithm,median,ci95_low,ci95_high,status,notes
main_benchmark,tables\rebuilt_main_benchmark_by_run.csv,hv,hv,31,8322764689528195828,5000,results/20260417_034204_benchmark_zdt,ZDT1,MOEAD,7.347511053828863,7.347465637229829,7.347575408369398,ok,median bootstrap CI; unsupported/missing/NaN values excluded
main_benchmark,tables\rebuilt_main_benchmark_by_run.csv,hv,hv,31,13406654976330966109,5000,results/20260417_034204_benchmark_zdt,ZDT1,MOEAD_DE,7.303824987846662,7.301444672308114,7.3089181020167535,ok,median bootstrap CI; unsupported/missing/NaN values excluded
main_benchmark,tables\rebuilt_main_benchmark_by_run.csv,hv,hv,31,17475832539238450233,5000,results/20260417_034204_benchmark_zdt,ZDT1,MOSADE,7.350925324306885,7.350916333365927,7.350931701201221,ok,median bootstrap CI; unsupported/missing/NaN values excluded
main_benchmark,tables\rebuilt_main_benchmark_by_run.csv,hv,hv,31,17397799758707954584,5000,results/20260417_034204_benchmark_zdt,ZDT1,NSGA2,7.345199522574379,7.345088782849152,7.345412506511787,ok,median bootstrap CI; unsupported/missing/NaN values excluded
main_benchmark,tables\rebuilt_main_benchmark_by_run.csv,hv,hv,31,11059033551089875892,5000,results/20260417_034204_benchmark_zdt,ZDT1,NSGA3,7.348234123129454,7.348234047398112,7.348234140812415,ok,median bootstrap CI; unsupported/missing/NaN values excluded
main_benchmark,tables\rebuilt_main_benchmark_by_run.csv,hv,hv,31,5156065584800325165,5000,results/20260417_034204_benchmark_zdt,ZDT1,SMSEMOA,7.348684806256029,7.348669471422005,7.348689843392262,ok,median bootstrap CI; unsupported/missing/NaN values excluded
main_benchmark,tables\rebuilt_main_benchmark_by_run.csv,hv,hv,31,8522925185764494257,5000,results/20260417_034204_benchmark_zdt,ZDT1,SPEA2,7.346346490662441,7.34586392123136,7.346680023274478,ok,median bootstrap CI; unsupported/missing/NaN values excluded
main_benchmark,tables\rebuilt_main_benchmark_by_run.csv,hv,hv,31,15367367109953963853,5000,results/20260417_034204_benchmark_zdt,ZDT2,MOEAD,8.094780067135462,8.094735905135552,8.09482871419152,ok,median bootstrap CI; unsupported/missing/NaN values excluded
main_benchmark,tables\rebuilt_main_benchmark_by_run.csv,hv,hv,31,1846935159646876786,5000,results/20260417_034204_benchmark_zdt,ZDT2,MOEAD_DE,8.07457290106713,8.069859526150173,8.07559546769327,ok,median bootstrap CI; unsupported/missing/NaN values excluded
main_benchmark,tables\rebuilt_main_benchmark_by_run.csv,hv,hv,31,1046483454550904681,5000,results/20260417_034204_benchmark_zdt,ZDT2,MOSADE,8.09778587030656,8.097771041078444,8.097812533021674,ok,median bootstrap CI; unsupported/missing/NaN values excluded
main_benchmark,tables\rebuilt_main_benchmark_by_run.csv,hv,hv,31,6808346780635778912,5000,results/20260417_034204_benchmark_zdt,ZDT2,NSGA2,8.093009866240184,8.092856763178697,8.093069658589144,ok,median bootstrap CI; unsupported/missing/NaN values excluded
main_benchmark,tables\rebuilt_main_benchmark_by_run.csv,hv,hv,31,13469442875114656518,5000,results/20260417_034204_benchmark_zdt,ZDT2,NSGA3,8.095376140837702,8.095376139351028,8.095376142584641,ok,median bootstrap CI; unsupported/missing/NaN values excluded
main_benchmark,tables\rebuilt_main_benchmark_by_run.csv,hv,hv,31,2603627361241902326,5000,results/20260417_034204_benchmark_zdt,ZDT2,SMSEMOA,8.095634540439294,8.095632261418997,8.095640295897226,ok,median bootstrap CI; unsupported/missing/NaN values excluded
main_benchmark,tables\rebuilt_main_benchmark_by_run.csv,hv,hv,31,2736268350574369388,5000,results/20260417_034204_benchmark_zdt,ZDT2,SPEA2,8.07889976032301,8.06291589919744,8.082580145690054,ok,median bootstrap CI; unsupported/missing/NaN values excluded
main_benchmark,tables\rebuilt_main_benchmark_by_run.csv,hv,hv,31,4393851950148708348,5000,results/20260417_034204_benchmark_zdt,ZDT3,MOEAD,7.801070356741131,7.801039755807505,7.801108291277774,ok,median bootstrap CI; unsupported/missing/NaN values excluded
main_benchmark,tables\rebuilt_main_benchmark_by_run.csv,hv,hv,31,273252870792189897,5000,results/20260417_034204_benchmark_zdt,ZDT3,MOEAD_DE,7.723471788241695,7.71835068304236,7.733448654504525,ok,median bootstrap CI; unsupported/missing/NaN values excluded
main_benchmark,tables\rebuilt_main_benchmark_by_run.csv,hv,hv,31,10559050187153313261,5000,results/20260417_034204_benchmark_zdt,ZDT3,MOSADE,7.805978601379113,7.8059570064717985,7.805986725835425,ok,median bootstrap CI; unsupported/missing/NaN values excluded
main_benchmark,tables\rebuilt_main_benchmark_by_run.csv,hv,hv,31,3128083317349107826,5000,results/20260417_034204_benchmark_zdt,ZDT3,NSGA2,7.80362996524725,7.80356778130279,7.803711751621809,ok,median bootstrap CI; unsupported/missing/NaN values excluded
main_benchmark,tables\rebuilt_main_benchmark_by_run.csv,hv,hv,31,5896496251410549114,5000,results/20260417_034204_benchmark_zdt,ZDT3,NSGA3,7.802550197083611,7.802546499700207,7.802590757528172,ok,median bootstrap CI; unsupported/missing/NaN values excluded
main_benchmark,tables\rebuilt_main_benchmark_by_run.csv,hv,hv,31,8980680598997407875,5000,results/20260417_034204_benchmark_zdt,ZDT3,SMSEMOA,7.804993970628326,7.804991819958023,7.804995058597823,ok,median bootstrap CI; unsupported/missing/NaN values excluded
main_benchmark,tables\rebuilt_main_benchmark_by_run.csv,hv,hv,31,12446715009247693957,5000,results/20260417_034204_benchmark_zdt,ZDT3,SPEA2,7.8008058085641085,7.800384092608115,7.801609532043535,ok,median bootstrap CI; unsupported/missing/NaN values excluded
main_benchmark,tables\rebuilt_main_benchmark_by_run.csv,hv,hv,31,8455766357562154338,5000,results/20260417_034204_benchmark_zdt,ZDT4,MOEAD,321.3449350753077,321.34473400246526,321.3450654153451,ok,median bootstrap CI; unsupported/missing/NaN values excluded
main_benchmark,tables\rebuilt_main_benchmark_by_run.csv,hv,hv,31,8160359720439205369,5000,results/20260417_034204_benchmark_zdt,ZDT4,MOEAD_DE,319.8601434161436,319.6345398325806,320.0034443044432,ok,median bootstrap CI; unsupported/missing/NaN values excluded
main_benchmark,tables\rebuilt_main_benchmark_by_run.csv,hv,hv,31,1364104341036975861,5000,results/20260417_034204_benchmark_zdt,ZDT4,MOSADE,321.34816168537736,321.34810286112355,321.34822451436185,ok,median bootstrap CI; unsupported/missing/NaN values excluded
main_benchmark,tables\rebuilt_main_benchmark_by_run.csv,hv,hv,31,18004014961045011485,5000,results/20260417_034204_benchmark_zdt,ZDT4,NSGA2,321.3440652481019,321.34400683997603,321.34432841598226,ok,median bootstrap CI; unsupported/missing/NaN values excluded
main_benchmark,tables\rebuilt_main_benchmark_by_run.csv,hv,hv,31,5449482914896597289,5000,results/20260417_034204_benchmark_zdt,ZDT4,NSGA3,321.34550214877595,321.34549482782467,321.3455067321848,ok,median bootstrap CI; unsupported/missing/NaN values excluded
main_benchmark,tables\rebuilt_main_benchmark_by_run.csv,hv,hv,31,12690769977240009407,5000,results/20260417_034204_benchmark_zdt,ZDT4,SMSEMOA,321.3459978213818,321.34598633492857,321.3460033242282,ok,median bootstrap CI; unsupported/missing/NaN values excluded
main_benchmark,tables\rebuilt_main_benchmark_by_run.csv,hv,hv,31,14411039458417398923,5000,results/20260417_034204_benchmark_zdt,ZDT4,SPEA2,321.34431341659416,321.34344390368454,321.344526699745,ok,median bootstrap CI; unsupported/missing/NaN values excluded
main_benchmark,tables\rebuilt_main_benchmark_by_run.csv,hv,hv,31,8052937692842690925,5000,results/20260417_034204_benchmark_zdt,ZDT6,MOEAD,8.16067674760951,8.160590565063409,8.16074351222341,ok,median bootstrap CI; unsupported/missing/NaN values excluded
main_benchmark,tables\rebuilt_main_benchmark_by_run.csv,hv,hv,31,13771286680255778639,5000,results/20260417_034204_benchmark_zdt,ZDT6,MOEAD_DE,8.160872370472573,8.160753361493246,8.160979980566154,ok,median bootstrap CI; unsupported/missing/NaN values excluded
main_benchmark,tables\rebuilt_main_benchmark_by_run.csv,hv,hv,31,15198896559208302441,5000,results/20260417_034204_benchmark_zdt,ZDT6,MOSADE,8.163304033503156,8.163297113852813,8.163308474932185,ok,median bootstrap CI; unsupported/missing/NaN values excluded
main_benchmark,tables\rebuilt_main_benchmark_by_run.csv,hv,hv,31,6659964440678879017,5000,results/20260417_034204_benchmark_zdt,ZDT6,NSGA2,8.159725831876925,8.159523833379374,8.159845655932557,ok,median bootstrap CI; unsupported/missing/NaN values excluded
main_benchmark,tables\rebuilt_main_benchmark_by_run.csv,hv,hv,31,15644076442642371604,5000,results/20260417_034204_benchmark_zdt,ZDT6,NSGA3,8.161077462027453,8.161027029815086,8.161102095781533,ok,median bootstrap CI; unsupported/missing/NaN values excluded
main_benchmark,tables\rebuilt_main_benchmark_by_run.csv,hv,hv,31,2521114931063992899,5000,results/20260417_034204_benchmark_zdt,ZDT6,SMSEMOA,8.16095496386452,8.16093795227315,8.160965847812061,ok,median bootstrap CI; unsupported/missing/NaN values excluded
main_benchmark,tables\rebuilt_main_benchmark_by_run.csv,hv,hv,31,16837177890223423901,5000,results/20260417_034204_benchmark_zdt,ZDT6,SPEA2,8.159523095598757,8.157826259380041,8.160219178842722,ok,median bootstrap CI; unsupported/missing/NaN values excluded
main_benchmark,tables\rebuilt_main_benchmark_by_run.csv,hv,hv,31,17493041395667059644,5000,results/20260417_163055_benchmark_wfg,WFG1,MOEAD,8.904960150647376,8.904420866676913,8.905986777922369,ok,median bootstrap CI; unsupported/missing/NaN values excluded
main_benchmark,tables\rebuilt_main_benchmark_by_run.csv,hv,hv,31,11123311198317075820,5000,results/20260417_163055_benchmark_wfg,WFG1,MOEAD_DE,8.906598467724033,8.906320014088962,8.907047870629368,ok,median bootstrap CI; unsupported/missing/NaN values excluded
main_benchmark,tables\rebuilt_main_benchmark_by_run.csv,hv,hv,31,12252985809417810247,5000,results/20260417_163055_benchmark_wfg,WFG1,MOSADE,8.937766457908875,8.937687156449025,8.937845118609493,ok,median bootstrap CI; unsupported/missing/NaN values excluded
main_benchmark,tables\rebuilt_main_benchmark_by_run.csv,hv,hv,31,737495643367344318,5000,results/20260417_163055_benchmark_wfg,WFG1,NSGA2,8.454381794267597,8.450414150573028,8.714582322450353,ok,median bootstrap CI; unsupported/missing/NaN values excluded
main_benchmark,tables\rebuilt_main_benchmark_by_run.csv,hv,hv,31,10629473417819378176,5000,results/20260417_163055_benchmark_wfg,WFG1,NSGA3,8.917565692822526,8.917559013648523,8.917572979076468,ok,median bootstrap CI; unsupported/missing/NaN values excluded
main_benchmark,tables\rebuilt_main_benchmark_by_run.csv,hv,hv,31,11862590802538764596,5000,results/20260417_163055_benchmark_wfg,WFG1,SMSEMOA,8.923171879624329,8.923116386641821,8.923266362153678,ok,median bootstrap CI; unsupported/missing/NaN values excluded
main_benchmark,tables\rebuilt_main_benchmark_by_run.csv,hv,hv,31,2110005698781738534,5000,results/20260417_163055_benchmark_wfg,WFG1,SPEA2,8.899589634828482,8.897645264572636,8.90203052600467,ok,median bootstrap CI; unsupported/missing/NaN values excluded
main_benchmark,tables\rebuilt_main_benchmark_by_run.csv,hv,hv,31,2905396692362082611,5000,results/20260417_163055_benchmark_wfg,WFG2,MOEAD,9.79715424352574,9.7951274613811,9.802001232350364,ok,median bootstrap CI; unsupported/missing/NaN values excluded
main_benchmark,tables\rebuilt_main_benchmark_by_run.csv,hv,hv,31,12328757774623679637,5000,results/20260417_163055_benchmark_wfg,WFG2,MOEAD_DE,10.367117549098694,10.3503979253364,10.378082199485036,ok,median bootstrap CI; unsupported/missing/NaN values excluded
main_benchmark,tables\rebuilt_main_benchmark_by_run.csv,hv,hv,31,15080231153009489808,5000,results/20260417_163055_benchmark_wfg,WFG2,MOSADE,9.827473265033376,9.826508213056655,9.829004273765085,ok,median bootstrap CI; unsupported/missing/NaN values excluded
main_benchmark,tables\rebuilt_main_benchmark_by_run.csv,hv,hv,31,11968246759493288368,5000,results/20260417_163055_benchmark_wfg,WFG2,NSGA2,9.799118926583596,9.795959892159145,9.801929220040057,ok,median bootstrap CI; unsupported/missing/NaN values excluded
main_benchmark,tables\rebuilt_main_benchmark_by_run.csv,hv,hv,31,2748407561761093206,5000,results/20260417_163055_benchmark_wfg,WFG2,NSGA3,9.80146986019987,9.795957677552355,9.803632715395844,ok,median bootstrap CI; unsupported/missing/NaN values excluded
main_benchmark,tables\rebuilt_main_benchmark_by_run.csv,hv,hv,31,1963395019162814258,5000,results/20260417_163055_benchmark_wfg,WFG2,SMSEMOA,9.81725401960346,9.816104907623329,9.818641140598302,ok,median bootstrap CI; unsupported/missing/NaN values excluded
main_benchmark,tables\rebuilt_main_benchmark_by_run.csv,hv,hv,31,6755367515826869974,5000,results/20260417_163055_benchmark_wfg,WFG2,SPEA2,9.81011330318875,9.807426304606375,9.813150981312466,ok,median bootstrap CI; unsupported/missing/NaN values excluded
main_benchmark,tables\rebuilt_main_benchmark_by_run.csv,hv,hv,31,7934469387572338255,5000,results/20260417_163055_benchmark_wfg,WFG3,MOEAD,9.038958194323016,9.038260135853344,9.041823126727804,ok,median bootstrap CI; unsupported/missing/NaN values excluded
main_benchmark,tables\rebuilt_main_benchmark_by_run.csv,hv,hv,31,13820569146586425699,5000,results/20260417_163055_benchmark_wfg,WFG3,MOEAD_DE,9.042207167842385,9.040395256484036,9.044491619712948,ok,median bootstrap CI; unsupported/missing/NaN values excluded
main_benchmark,tables\rebuilt_main_benchmark_by_run.csv,hv,hv,31,11419838686416635908,5000,results/20260417_163055_benchmark_wfg,WFG3,MOSADE,9.06567637435675,9.064657942180522,9.066957188557122,ok,median bootstrap CI; unsupported/missing/NaN values excluded
main_benchmark,tables\rebuilt_main_benchmark_by_run.csv,hv,hv,31,11104272034695626666,5000,results/20260417_163055_benchmark_wfg,WFG3,NSGA2,8.881728307479937,8.87198982163625,8.88985385530508,ok,median bootstrap CI; unsupported/missing/NaN values excluded
main_benchmark,tables\rebuilt_main_benchmark_by_run.csv,hv,hv,31,331402123429787961,5000,results/20260417_163055_benchmark_wfg,WFG3,NSGA3,9.055023225022214,9.051319092904023,9.058163892190317,ok,median bootstrap CI; unsupported/missing/NaN values excluded
main_benchmark,tables\rebuilt_main_benchmark_by_run.csv,hv,hv,31,11868399344220501870,5000,results/20260417_163055_benchmark_wfg,WFG3,SMSEMOA,9.059682607376692,9.0558770082089,9.061777195434988,ok,median bootstrap CI; unsupported/missing/NaN values excluded
main_benchmark,tables\rebuilt_main_benchmark_by_run.csv,hv,hv,31,17105695666850699539,5000,results/20260417_163055_benchmark_wfg,WFG3,SPEA2,8.965422832910141,8.954554863629669,8.968318068732607,ok,median bootstrap CI; unsupported/missing/NaN values excluded
main_benchmark,tables\rebuilt_main_benchmark_by_run.csv,hv,hv,31,16272150644600378629,5000,results/20260417_163055_benchmark_wfg,WFG4,MOEAD,6.064088703484972,6.056722970873861,6.078661093758762,ok,median bootstrap CI; unsupported/missing/NaN values excluded
main_benchmark,tables\rebuilt_main_benchmark_by_run.csv,hv,hv,31,8810160032091991562,5000,results/20260417_163055_benchmark_wfg,WFG4,MOEAD_DE,6.055990259923906,6.042952049926071,6.062220342074708,ok,median bootstrap CI; unsupported/missing/NaN values excluded
main_benchmark,tables\rebuilt_main_benchmark_by_run.csv,hv,hv,31,15965257637513496695,5000,results/20260417_163055_benchmark_wfg,WFG4,MOSADE,6.242636381977554,6.240454000302422,6.243208676080582,ok,median bootstrap CI; unsupported/missing/NaN values excluded
main_benchmark,tables\rebuilt_main_benchmark_by_run.csv,hv,hv,31,17039274083704341373,5000,results/20260417_163055_benchmark_wfg,WFG4,NSGA2,6.124490037912462,6.117162904248145,6.129310394512088,ok,median bootstrap CI; unsupported/missing/NaN values excluded
main_benchmark,tables\rebuilt_main_benchmark_by_run.csv,hv,hv,31,15424906586406676586,5000,results/20260417_163055_benchmark_wfg,WFG4,NSGA3,6.239229358449824,6.23884790048629,6.23957272580845,ok,median bootstrap CI; unsupported/missing/NaN values excluded
main_benchmark,tables\rebuilt_main_benchmark_by_run.csv,hv,hv,31,8728394041204543480,5000,results/20260417_163055_benchmark_wfg,WFG4,SMSEMOA,6.245896736042226,6.245022629972824,6.246206953768072,ok,median bootstrap CI; unsupported/missing/NaN values excluded
main_benchmark,tables\rebuilt_main_benchmark_by_run.csv,hv,hv,31,14958806628504233121,5000,results/20260417_163055_benchmark_wfg,WFG4,SPEA2,6.166621142626733,6.162062428991738,6.17402121858408,ok,median bootstrap CI; unsupported/missing/NaN values excluded
main_benchmark,tables\rebuilt_main_benchmark_by_run.csv,hv,hv,31,16162945933376996703,5000,results/20260417_163055_benchmark_wfg,WFG5,MOEAD,7.5419930042786065,7.540811079434527,7.543161006028078,ok,median bootstrap CI; unsupported/missing/NaN values excluded
main_benchmark,tables\rebuilt_main_benchmark_by_run.csv,hv,hv,31,11673168928880813889,5000,results/20260417_163055_benchmark_wfg,WFG5,MOEAD_DE,7.539195984634157,7.538118748901066,7.540342422131275,ok,median bootstrap CI; unsupported/missing/NaN values excluded
main_benchmark,tables\rebuilt_main_benchmark_by_run.csv,hv,hv,31,7440632246616962301,5000,results/20260417_163055_benchmark_wfg,WFG5,MOSADE,7.559937879658996,7.557060908206456,7.562357411830899,ok,median bootstrap CI; unsupported/missing/NaN values excluded
main_benchmark,tables\rebuilt_main_benchmark_by_run.csv,hv,hv,31,12038134138800679810,5000,results/20260417_163055_benchmark_wfg,WFG5,NSGA2,7.579409489691637,7.544188640628996,7.60017697567653,ok,median bootstrap CI; unsupported/missing/NaN values excluded
main_benchmark,tables\rebuilt_main_benchmark_by_run.csv,hv,hv,31,2162395203136722534,5000,results/20260417_163055_benchmark_wfg,WFG5,NSGA3,7.6219215434068674,7.593739933584227,7.62900338223679,ok,median bootstrap CI; unsupported/missing/NaN values excluded
main_benchmark,tables\rebuilt_main_benchmark_by_run.csv,hv,hv,31,17723142542872614012,5000,results/20260417_163055_benchmark_wfg,WFG5,SMSEMOA,7.58903435065839,7.5618301253925395,7.597125516111138,ok,median bootstrap CI; unsupported/missing/NaN values excluded
main_benchmark,tables\rebuilt_main_benchmark_by_run.csv,hv,hv,31,7354654345727120259,5000,results/20260417_163055_benchmark_wfg,WFG5,SPEA2,7.494100977740145,7.477707123633767,7.510368871592113,ok,median bootstrap CI; unsupported/missing/NaN values excluded
main_benchmark,tables\rebuilt_main_benchmark_by_run.csv,hv,hv,31,464083408868971312,5000,results/20260417_163055_benchmark_wfg,WFG6,MOEAD,9.257233203043636,8.985762339620939,9.311448679297026,ok,median bootstrap CI; unsupported/missing/NaN values excluded
main_benchmark,tables\rebuilt_main_benchmark_by_run.csv,hv,hv,31,8799730095103092107,5000,results/20260417_163055_benchmark_wfg,WFG6,MOEAD_DE,8.775057238683031,8.774711155831696,8.775225642699809,ok,median bootstrap CI; unsupported/missing/NaN values excluded
main_benchmark,tables\rebuilt_main_benchmark_by_run.csv,hv,hv,31,11624955932409951420,5000,results/20260417_163055_benchmark_wfg,WFG6,MOSADE,9.443812675231284,9.434775161662204,9.457695905474193,ok,median bootstrap CI; unsupported/missing/NaN values excluded
main_benchmark,tables\rebuilt_main_benchmark_by_run.csv,hv,hv,31,1842342380161533814,5000,results/20260417_163055_benchmark_wfg,WFG6,NSGA2,9.085487994255589,9.02674040776104,9.107641239916347,ok,median bootstrap CI; unsupported/missing/NaN values excluded
main_benchmark,tables\rebuilt_main_benchmark_by_run.csv,hv,hv,31,132854517765180039,5000,results/20260417_163055_benchmark_wfg,WFG6,NSGA3,9.195711566051337,9.171334246495867,9.212761607197562,ok,median bootstrap CI; unsupported/missing/NaN values excluded
main_benchmark,tables\rebuilt_main_benchmark_by_run.csv,hv,hv,31,17692827875542297092,5000,results/20260417_163055_benchmark_wfg,WFG6,SMSEMOA,9.209993245174829,9.1777711252286,9.221214901529434,ok,median bootstrap CI; unsupported/missing/NaN values excluded
main_benchmark,tables\rebuilt_main_benchmark_by_run.csv,hv,hv,31,1995340846141447311,5000,results/20260417_163055_benchmark_wfg,WFG6,SPEA2,9.097174996108778,9.06857534024945,9.106228809840957,ok,median bootstrap CI; unsupported/missing/NaN values excluded
main_benchmark,tables\rebuilt_main_benchmark_by_run.csv,hv,hv,31,15977246519315134697,5000,results/20260417_163055_benchmark_wfg,WFG7,MOEAD,8.458291451593377,8.457666585357414,8.459127392469155,ok,median bootstrap CI; unsupported/missing/NaN values excluded
main_benchmark,tables\rebuilt_main_benchmark_by_run.csv,hv,hv,31,6268600926204083369,5000,results/20260417_163055_benchmark_wfg,WFG7,MOEAD_DE,8.451326467300603,8.45076196194258,8.45396103718626,ok,median bootstrap CI; unsupported/missing/NaN values excluded
main_benchmark,tables\rebuilt_main_benchmark_by_run.csv,hv,hv,31,1957740742932456771,5000,results/20260417_163055_benchmark_wfg,WFG7,MOSADE,8.479591662066117,8.475899974184621,8.48129687559829,ok,median bootstrap CI; unsupported/missing/NaN values excluded
main_benchmark,tables\rebuilt_main_benchmark_by_run.csv,hv,hv,31,15790142283529174768,5000,results/20260417_163055_benchmark_wfg,WFG7,NSGA2,8.364491670202518,8.360329836602089,8.367377019161056,ok,median bootstrap CI; unsupported/missing/NaN values excluded
main_benchmark,tables\rebuilt_main_benchmark_by_run.csv,hv,hv,31,1935645674140831866,5000,results/20260417_163055_benchmark_wfg,WFG7,NSGA3,8.475617050822967,8.47504033025894,8.475951062153166,ok,median bootstrap CI; unsupported/missing/NaN values excluded
main_benchmark,tables\rebuilt_main_benchmark_by_run.csv,hv,hv,31,4497004661137537999,5000,results/20260417_163055_benchmark_wfg,WFG7,SMSEMOA,8.48290232493813,8.48217577279965,8.48325339402449,ok,median bootstrap CI; unsupported/missing/NaN values excluded
main_benchmark,tables\rebuilt_main_benchmark_by_run.csv,hv,hv,31,2374393928113699924,5000,results/20260417_163055_benchmark_wfg,WFG7,SPEA2,8.340186450941184,8.322329330454863,8.346699621934922,ok,median bootstrap CI; unsupported/missing/NaN values excluded
main_benchmark,tables\rebuilt_main_benchmark_by_run.csv,hv,hv,31,14605263071489080141,5000,results/20260417_163055_benchmark_wfg,WFG8,MOEAD,8.73656247148065,8.613222955567322,8.857191060981467,ok,median bootstrap CI; unsupported/missing/NaN values excluded
main_benchmark,tables\rebuilt_main_benchmark_by_run.csv,hv,hv,31,1929512419828541478,5000,results/20260417_163055_benchmark_wfg,WFG8,MOEAD_DE,8.86543179141715,8.854741004712848,8.869488213332524,ok,median bootstrap CI; unsupported/missing/NaN values excluded
main_benchmark,tables\rebuilt_main_benchmark_by_run.csv,hv,hv,31,10914934911427084861,5000,results/20260417_163055_benchmark_wfg,WFG8,MOSADE,8.949635158478406,8.889147483580564,9.132238263234374,ok,median bootstrap CI; unsupported/missing/NaN values excluded
main_benchmark,tables\rebuilt_main_benchmark_by_run.csv,hv,hv,31,14972004551771119953,5000,results/20260417_163055_benchmark_wfg,WFG8,NSGA2,8.65763289654433,8.567982231035849,8.716006540280693,ok,median bootstrap CI; unsupported/missing/NaN values excluded
main_benchmark,tables\rebuilt_main_benchmark_by_run.csv,hv,hv,31,13649894854957630499,5000,results/20260417_163055_benchmark_wfg,WFG8,NSGA3,8.705049241239033,8.625700230511649,8.773100045508441,ok,median bootstrap CI; unsupported/missing/NaN values excluded
main_benchmark,tables\rebuilt_main_benchmark_by_run.csv,hv,hv,31,6694493560872815844,5000,results/20260417_163055_benchmark_wfg,WFG8,SMSEMOA,8.814743259785775,8.69177081628854,8.839031968377972,ok,median bootstrap CI; unsupported/missing/NaN values excluded
main_benchmark,tables\rebuilt_main_benchmark_by_run.csv,hv,hv,31,13847506302683526108,5000,results/20260417_163055_benchmark_wfg,WFG8,SPEA2,8.680082032300467,8.65617768985801,8.729634667739887,ok,median bootstrap CI; unsupported/missing/NaN values excluded
main_benchmark,tables\rebuilt_main_benchmark_by_run.csv,hv,hv,31,9506538770075951656,5000,results/20260417_163055_benchmark_wfg,WFG9,MOEAD,9.844573954938568,9.84046101660443,9.847935899301223,ok,median bootstrap CI; unsupported/missing/NaN values excluded
main_benchmark,tables\rebuilt_main_benchmark_by_run.csv,hv,hv,31,11681810008166690583,5000,results/20260417_163055_benchmark_wfg,WFG9,MOEAD_DE,9.845169484983824,9.843718690484131,9.848794232191349,ok,median bootstrap CI; unsupported/missing/NaN values excluded
main_benchmark,tables\rebuilt_main_benchmark_by_run.csv,hv,hv,31,6496533203136423413,5000,results/20260417_163055_benchmark_wfg,WFG9,MOSADE,9.878076433441954,9.875597699337629,9.880054401628776,ok,median bootstrap CI; unsupported/missing/NaN values excluded
main_benchmark,tables\rebuilt_main_benchmark_by_run.csv,hv,hv,31,15266002428712767210,5000,results/20260417_163055_benchmark_wfg,WFG9,NSGA2,9.853743707641575,9.849263290193422,9.856097059215228,ok,median bootstrap CI; unsupported/missing/NaN values excluded
main_benchmark,tables\rebuilt_main_benchmark_by_run.csv,hv,hv,31,17958934664874399585,5000,results/20260417_163055_benchmark_wfg,WFG9,NSGA3,9.861929664812644,9.861023864387784,9.864640964890318,ok,median bootstrap CI; unsupported/missing/NaN values excluded
main_benchmark,tables\rebuilt_main_benchmark_by_run.csv,hv,hv,31,10527640622521608301,5000,results/20260417_163055_benchmark_wfg,WFG9,SMSEMOA,9.862984997679956,9.86155769790703,9.864684444933845,ok,median bootstrap CI; unsupported/missing/NaN values excluded
main_benchmark,tables\rebuilt_main_benchmark_by_run.csv,hv,hv,31,7545465875098881263,5000,results/20260417_163055_benchmark_wfg,WFG9,SPEA2,9.781505709966709,9.765820264827894,9.790637414788726,ok,median bootstrap CI; unsupported/missing/NaN values excluded
main_benchmark,tables\rebuilt_main_benchmark_by_run.csv,hv,hv,31,11086220876118629548,5000,results/20260418_172554_benchmark_dascmop,DASCMOP1_difficulty1,MOEAD,250.9016588243799,250.90157085977583,250.9017120346149,ok,median bootstrap CI; unsupported/missing/NaN values excluded
main_benchmark,tables\rebuilt_main_benchmark_by_run.csv,hv,hv,31,15279946139668488889,5000,results/20260418_172554_benchmark_dascmop,DASCMOP1_difficulty1,MOSADE,250.9014467470344,250.90134365071623,250.90156843879743,ok,median bootstrap CI; unsupported/missing/NaN values excluded
main_benchmark,tables\rebuilt_main_benchmark_by_run.csv,hv,hv,31,3866635974562441471,5000,results/20260418_172554_benchmark_dascmop,DASCMOP1_difficulty1,NSGA2,233.0808063650769,233.0807440762705,233.08084938794127,ok,median bootstrap CI; unsupported/missing/NaN values excluded
main_benchmark,tables\rebuilt_main_benchmark_by_run.csv,hv,hv,31,17888663809941389489,5000,results/20260418_172554_benchmark_dascmop,DASCMOP1_difficulty1,NSGA3,232.61702783191564,232.5919743339359,232.63054042937503,ok,median bootstrap CI; unsupported/missing/NaN values excluded
main_benchmark,tables\rebuilt_main_benchmark_by_run.csv,hv,hv,31,5479602942460366856,5000,results/20260418_172554_benchmark_dascmop,DASCMOP1_difficulty1,SMSEMOA,232.61854586395611,232.60115839776228,232.65353081683196,ok,median bootstrap CI; unsupported/missing/NaN values excluded
main_benchmark,tables\rebuilt_main_benchmark_by_run.csv,hv,hv,31,17336189786586735668,5000,results/20260418_172554_benchmark_dascmop,DASCMOP1_difficulty1,SPEA2,232.8703451132801,232.80247168925737,232.94601347361163,ok,median bootstrap CI; unsupported/missing/NaN values excluded
main_benchmark,tables\rebuilt_main_benchmark_by_run.csv,hv,hv,31,9875935792156666540,5000,results/20260418_172554_benchmark_dascmop,DASCMOP1_difficulty13,MOEAD,217.9399627155857,217.7487299355991,218.08742012893148,ok,median bootstrap CI; unsupported/missing/NaN values excluded
main_benchmark,tables\rebuilt_main_benchmark_by_run.csv,hv,hv,31,16115819125403587460,5000,results/20260418_172554_benchmark_dascmop,DASCMOP1_difficulty13,MOSADE,235.28586407923177,235.285200207086,235.286259457434,ok,median bootstrap CI; unsupported/missing/NaN values excluded
main_benchmark,tables\rebuilt_main_benchmark_by_run.csv,hv,hv,31,510078815956120567,5000,results/20260418_172554_benchmark_dascmop,DASCMOP1_difficulty13,NSGA2,217.8662623998588,217.8299177396288,217.89802888506009,ok,median bootstrap CI; unsupported/missing/NaN values excluded
main_benchmark,tables\rebuilt_main_benchmark_by_run.csv,hv,hv,31,5144079460129345676,5000,results/20260418_172554_benchmark_dascmop,DASCMOP1_difficulty13,NSGA3,217.7713562422325,217.6725695623072,217.9935429572512,ok,median bootstrap CI; unsupported/missing/NaN values excluded
main_benchmark,tables\rebuilt_main_benchmark_by_run.csv,hv,hv,31,14802467581358387500,5000,results/20260418_172554_benchmark_dascmop,DASCMOP1_difficulty13,SMSEMOA,218.03841921734625,217.8690957616271,218.18549502981352,ok,median bootstrap CI; unsupported/missing/NaN values excluded
main_benchmark,tables\rebuilt_main_benchmark_by_run.csv,hv,hv,31,12403002045605367566,5000,results/20260418_172554_benchmark_dascmop,DASCMOP1_difficulty13,SPEA2,218.13051625612107,217.91073822450505,218.2024403311883,ok,median bootstrap CI; unsupported/missing/NaN values excluded
main_benchmark,tables\rebuilt_main_benchmark_by_run.csv,hv,hv,31,6502869514263417330,5000,results/20260418_172554_benchmark_dascmop,DASCMOP1_difficulty7,MOEAD,240.61281296393636,240.61231463748567,240.6131402198651,ok,median bootstrap CI; unsupported/missing/NaN values excluded
main_benchmark,tables\rebuilt_main_benchmark_by_run.csv,hv,hv,31,17531814426940872650,5000,results/20260418_172554_benchmark_dascmop,DASCMOP1_difficulty7,MOSADE,250.85140313485695,250.8508176932868,250.8518762171946,ok,median bootstrap CI; unsupported/missing/NaN values excluded
main_benchmark,tables\rebuilt_main_benchmark_by_run.csv,hv,hv,31,6182273023565771192,5000,results/20260418_172554_benchmark_dascmop,DASCMOP1_difficulty7,NSGA2,209.63957538547504,209.40377199132337,209.98338811624143,ok,median bootstrap CI; unsupported/missing/NaN values excluded
main_benchmark,tables\rebuilt_main_benchmark_by_run.csv,hv,hv,31,4327991341847275543,5000,results/20260418_172554_benchmark_dascmop,DASCMOP1_difficulty7,NSGA3,232.5878889734608,232.5463071150498,232.63614549246117,ok,median bootstrap CI; unsupported/missing/NaN values excluded
main_benchmark,tables\rebuilt_main_benchmark_by_run.csv,hv,hv,31,17518642516972792015,5000,results/20260418_172554_benchmark_dascmop,DASCMOP1_difficulty7,SMSEMOA,232.6783467141694,232.64289460586372,232.71823500361015,ok,median bootstrap CI; unsupported/missing/NaN values excluded
main_benchmark,tables\rebuilt_main_benchmark_by_run.csv,hv,hv,31,7527603113386331972,5000,results/20260418_172554_benchmark_dascmop,DASCMOP1_difficulty7,SPEA2,232.99205027375987,232.9553695838386,233.04969420418288,ok,median bootstrap CI; unsupported/missing/NaN values excluded
main_benchmark,tables\rebuilt_main_benchmark_by_run.csv,hv,hv,31,10684265369765872222,5000,results/20260418_172554_benchmark_dascmop,DASCMOP4_difficulty1,MOEAD,2560.0841901984845,2557.6259916171475,2560.975841080004,ok,median bootstrap CI; unsupported/missing/NaN values excluded
main_benchmark,tables\rebuilt_main_benchmark_by_run.csv,hv,hv,31,6875502804925767937,5000,results/20260418_172554_benchmark_dascmop,DASCMOP4_difficulty1,MOSADE,2563.7165211613465,2563.6844207087997,2563.736022251583,ok,median bootstrap CI; unsupported/missing/NaN values excluded
main_benchmark,tables\rebuilt_main_benchmark_by_run.csv,hv,hv,31,13077517818071425732,5000,results/20260418_172554_benchmark_dascmop,DASCMOP4_difficulty1,NSGA2,2545.0034117852383,2543.8671834444726,2547.4719871816037,ok,median bootstrap CI; unsupported/missing/NaN values excluded
main_benchmark,tables\rebuilt_main_benchmark_by_run.csv,hv,hv,31,7169335601064674341,5000,results/20260418_172554_benchmark_dascmop,DASCMOP4_difficulty1,NSGA3,2563.764868031999,2563.7635515177617,2563.765807233448,ok,median bootstrap CI; unsupported/missing/NaN values excluded
main_benchmark,tables\rebuilt_main_benchmark_by_run.csv,hv,hv,31,6735956124034951265,5000,results/20260418_172554_benchmark_dascmop,DASCMOP4_difficulty1,SMSEMOA,2563.7687900219325,2563.7684951776705,2563.769553819509,ok,median bootstrap CI; unsupported/missing/NaN values excluded
main_benchmark,tables\rebuilt_main_benchmark_by_run.csv,hv,hv,31,14650376007723421272,5000,results/20260418_172554_benchmark_dascmop,DASCMOP4_difficulty1,SPEA2,2563.3896741636645,2563.257684278989,2563.5228124467503,ok,median bootstrap CI; unsupported/missing/NaN values excluded
main_benchmark,tables\rebuilt_main_benchmark_by_run.csv,hv,hv,31,4436314265375155644,5000,results/20260418_172554_benchmark_dascmop,DASCMOP4_difficulty13,MOEAD,2513.3933565785537,2513.3933104348043,2513.3933858737714,ok,median bootstrap CI; unsupported/missing/NaN values excluded
main_benchmark,tables\rebuilt_main_benchmark_by_run.csv,hv,hv,31,7813918489764351210,5000,results/20260418_172554_benchmark_dascmop,DASCMOP4_difficulty13,MOSADE,2513.3692124197573,2513.358849335016,2513.374932456992,ok,median bootstrap CI; unsupported/missing/NaN values excluded
main_benchmark,tables\rebuilt_main_benchmark_by_run.csv,hv,hv,31,256099434018947535,5000,results/20260418_172554_benchmark_dascmop,DASCMOP4_difficulty13,NSGA2,2513.3929132027392,2513.392812083614,2513.3929477812185,ok,median bootstrap CI; unsupported/missing/NaN values excluded
main_benchmark,tables\rebuilt_main_benchmark_by_run.csv,hv,hv,31,12505660935489644790,5000,results/20260418_172554_benchmark_dascmop,DASCMOP4_difficulty13,NSGA3,2513.393294861969,2513.393170107796,2513.3935234622145,ok,median bootstrap CI; unsupported/missing/NaN values excluded
main_benchmark,tables\rebuilt_main_benchmark_by_run.csv,hv,hv,31,8944147446068579794,5000,results/20260418_172554_benchmark_dascmop,DASCMOP4_difficulty13,SMSEMOA,2513.393460314453,2513.3930815490457,2513.3936907758484,ok,median bootstrap CI; unsupported/missing/NaN values excluded
main_benchmark,tables\rebuilt_main_benchmark_by_run.csv,hv,hv,31,5665957906185048136,5000,results/20260418_172554_benchmark_dascmop,DASCMOP4_difficulty13,SPEA2,2512.8566803633594,2512.719157743964,2512.9084263185464,ok,median bootstrap CI; unsupported/missing/NaN values excluded
main_benchmark,tables\rebuilt_main_benchmark_by_run.csv,hv,hv,31,1602641720970926722,5000,results/20260418_172554_benchmark_dascmop,DASCMOP4_difficulty7,MOEAD,2542.926239492927,2542.691992856408,2543.2473903213063,ok,median bootstrap CI; unsupported/missing/NaN values excluded
main_benchmark,tables\rebuilt_main_benchmark_by_run.csv,hv,hv,31,6688356045458537546,5000,results/20260418_172554_benchmark_dascmop,DASCMOP4_difficulty7,MOSADE,2562.5814535840645,2561.507390405739,2563.053360416102,ok,median bootstrap CI; unsupported/missing/NaN values excluded
main_benchmark,tables\rebuilt_main_benchmark_by_run.csv,hv,hv,31,11854430755193682231,5000,results/20260418_172554_benchmark_dascmop,DASCMOP4_difficulty7,NSGA2,2523.787157235848,2523.7156316596365,2523.8109357430403,ok,median bootstrap CI; unsupported/missing/NaN values excluded
main_benchmark,tables\rebuilt_main_benchmark_by_run.csv,hv,hv,31,13218173227697398914,5000,results/20260418_172554_benchmark_dascmop,DASCMOP4_difficulty7,NSGA3,2528.423093588563,2527.0889809554296,2529.266243759137,ok,median bootstrap CI; unsupported/missing/NaN values excluded
main_benchmark,tables\rebuilt_main_benchmark_by_run.csv,hv,hv,31,148394203691812990,5000,results/20260418_172554_benchmark_dascmop,DASCMOP4_difficulty7,SMSEMOA,2524.629076917717,2523.844346041712,2526.4848604206027,ok,median bootstrap CI; unsupported/missing/NaN values excluded
main_benchmark,tables\rebuilt_main_benchmark_by_run.csv,hv,hv,31,11873095254703899346,5000,results/20260418_172554_benchmark_dascmop,DASCMOP4_difficulty7,SPEA2,2563.3153870770893,2563.223429575982,2563.4088830183746,ok,median bootstrap CI; unsupported/missing/NaN values excluded
main_benchmark,tables\rebuilt_main_benchmark_by_run.csv,hv,hv,31,4429264924357552204,5000,results/20260418_172554_benchmark_dascmop,DASCMOP7_difficulty1,MOEAD,108921.82466703588,108686.62098755832,109135.76320384596,ok,median bootstrap CI; unsupported/missing/NaN values excluded
main_benchmark,tables\rebuilt_main_benchmark_by_run.csv,hv,hv,31,15590709460344882527,5000,results/20260418_172554_benchmark_dascmop,DASCMOP7_difficulty1,MOSADE,110922.63184519758,110922.36596238868,110922.91725429829,ok,median bootstrap CI; unsupported/missing/NaN values excluded
main_benchmark,tables\rebuilt_main_benchmark_by_run.csv,hv,hv,31,6030361137546916518,5000,results/20260418_172554_benchmark_dascmop,DASCMOP7_difficulty1,NSGA2,107779.63693670304,107567.19410141728,108236.21800413352,ok,median bootstrap CI; unsupported/missing/NaN values excluded
main_benchmark,tables\rebuilt_main_benchmark_by_run.csv,hv,hv,31,10677331587490325593,5000,results/20260418_172554_benchmark_dascmop,DASCMOP7_difficulty1,NSGA3,110923.16967861558,110922.96051753858,110923.35118981908,ok,median bootstrap CI; unsupported/missing/NaN values excluded
main_benchmark,tables\rebuilt_main_benchmark_by_run.csv,hv,hv,31,4358171199375117932,5000,results/20260418_172554_benchmark_dascmop,DASCMOP7_difficulty1,SMSEMOA,110923.6488416773,110923.59500373623,110923.7984270886,ok,median bootstrap CI; unsupported/missing/NaN values excluded
main_benchmark,tables\rebuilt_main_benchmark_by_run.csv,hv,hv,31,9677687671954828027,5000,results/20260418_172554_benchmark_dascmop,DASCMOP7_difficulty1,SPEA2,110909.111987391,110900.86655101951,110913.2592597694,ok,median bootstrap CI; unsupported/missing/NaN values excluded
main_benchmark,tables\rebuilt_main_benchmark_by_run.csv,hv,hv,31,17617237810020373376,5000,results/20260418_172554_benchmark_dascmop,DASCMOP7_difficulty13,MOEAD,107497.58915179846,107497.58775002693,107497.59224889736,ok,median bootstrap CI; unsupported/missing/NaN values excluded
main_benchmark,tables\rebuilt_main_benchmark_by_run.csv,hv,hv,31,7498253003776132024,5000,results/20260418_172554_benchmark_dascmop,DASCMOP7_difficulty13,MOSADE,107495.19583259264,107494.31500580508,107495.55940926317,ok,median bootstrap CI; unsupported/missing/NaN values excluded
main_benchmark,tables\rebuilt_main_benchmark_by_run.csv,hv,hv,31,17541904979440564485,5000,results/20260418_172554_benchmark_dascmop,DASCMOP7_difficulty13,NSGA2,107497.54610688782,107497.54156676756,107497.5491630104,ok,median bootstrap CI; unsupported/missing/NaN values excluded
main_benchmark,tables\rebuilt_main_benchmark_by_run.csv,hv,hv,31,11372048832897978862,5000,results/20260418_172554_benchmark_dascmop,DASCMOP7_difficulty13,NSGA3,107497.61215394372,107497.61105717468,107497.61299551466,ok,median bootstrap CI; unsupported/missing/NaN values excluded
main_benchmark,tables\rebuilt_main_benchmark_by_run.csv,hv,hv,31,8313953363146052587,5000,results/20260418_172554_benchmark_dascmop,DASCMOP7_difficulty13,SMSEMOA,107497.61575188176,107497.61525890656,107497.61599794836,ok,median bootstrap CI; unsupported/missing/NaN values excluded
main_benchmark,tables\rebuilt_main_benchmark_by_run.csv,hv,hv,31,17333078996763968187,5000,results/20260418_172554_benchmark_dascmop,DASCMOP7_difficulty13,SPEA2,107480.2126734786,107476.4569051052,107483.7588551246,ok,median bootstrap CI; unsupported/missing/NaN values excluded
main_benchmark,tables\rebuilt_main_benchmark_by_run.csv,hv,hv,31,15511109111496256720,5000,results/20260418_172554_benchmark_dascmop,DASCMOP7_difficulty7,MOEAD,109514.2331640945,109394.01471080638,109607.39647317558,ok,median bootstrap CI; unsupported/missing/NaN values excluded
main_benchmark,tables\rebuilt_main_benchmark_by_run.csv,hv,hv,31,466743226964460465,5000,results/20260418_172554_benchmark_dascmop,DASCMOP7_difficulty7,MOSADE,110916.70043432672,110914.78165058616,110917.19094131682,ok,median bootstrap CI; unsupported/missing/NaN values excluded
main_benchmark,tables\rebuilt_main_benchmark_by_run.csv,hv,hv,31,2873314118535299453,5000,results/20260418_172554_benchmark_dascmop,DASCMOP7_difficulty7,NSGA2,108017.61200472202,107748.12933269824,108231.77189618105,ok,median bootstrap CI; unsupported/missing/NaN values excluded
main_benchmark,tables\rebuilt_main_benchmark_by_run.csv,hv,hv,31,14092137126568447073,5000,results/20260418_172554_benchmark_dascmop,DASCMOP7_difficulty7,NSGA3,110919.45734056854,110919.25958043872,110919.6603813384,ok,median bootstrap CI; unsupported/missing/NaN values excluded
main_benchmark,tables\rebuilt_main_benchmark_by_run.csv,hv,hv,31,1443757761951997519,5000,results/20260418_172554_benchmark_dascmop,DASCMOP7_difficulty7,SMSEMOA,110920.85649574296,110920.78799643912,110920.94067684718,ok,median bootstrap CI; unsupported/missing/NaN values excluded
main_benchmark,tables\rebuilt_main_benchmark_by_run.csv,hv,hv,31,17763944016169456903,5000,results/20260418_172554_benchmark_dascmop,DASCMOP7_difficulty7,SPEA2,110871.13272231111,110848.46179227528,110889.46215532576,ok,median bootstrap CI; unsupported/missing/NaN values excluded
main_benchmark,tables\rebuilt_main_benchmark_by_run.csv,hv,hv,31,5517787883791205948,5000,results/20260419_103648_benchmark_dtlz_3obj,DTLZ1_n_obj3,MOEAD,94459279.833804,94459279.83379284,94459279.83381642,ok,median bootstrap CI; unsupported/missing/NaN values excluded
main_benchmark,tables\rebuilt_main_benchmark_by_run.csv,hv,hv,31,3699535428393694355,5000,results/20260419_103648_benchmark_dtlz_3obj,DTLZ1_n_obj3,MOEAD_DE,94459279.8237814,94459279.80990632,94459279.83590493,ok,median bootstrap CI; unsupported/missing/NaN values excluded
main_benchmark,tables\rebuilt_main_benchmark_by_run.csv,hv,hv,31,10763682295688246642,5000,results/20260419_103648_benchmark_dtlz_3obj,DTLZ1_n_obj3,MOSADE,94459277.52968346,94459276.71406648,94459278.06734093,ok,median bootstrap CI; unsupported/missing/NaN values excluded
main_benchmark,tables\rebuilt_main_benchmark_by_run.csv,hv,hv,31,11172111862819500628,5000,results/20260419_103648_benchmark_dtlz_3obj,DTLZ1_n_obj3,NSGA2,94459278.40269113,94459277.18960904,94459279.37474248,ok,median bootstrap CI; unsupported/missing/NaN values excluded
main_benchmark,tables\rebuilt_main_benchmark_by_run.csv,hv,hv,31,14841018509060807587,5000,results/20260419_103648_benchmark_dtlz_3obj,DTLZ1_n_obj3,NSGA3,94459279.83984824,94459279.839848,94459279.83984844,ok,median bootstrap CI; unsupported/missing/NaN values excluded
main_benchmark,tables\rebuilt_main_benchmark_by_run.csv,hv,hv,31,5990914694828603756,5000,results/20260419_103648_benchmark_dtlz_3obj,DTLZ1_n_obj3,SMSEMOA,94459279.8398252,94459279.83982304,94459279.83983302,ok,median bootstrap CI; unsupported/missing/NaN values excluded
main_benchmark,tables\rebuilt_main_benchmark_by_run.csv,hv,hv,31,4952835299675853697,5000,results/20260419_103648_benchmark_dtlz_3obj,DTLZ1_n_obj3,SPEA2,94459014.61567922,94458951.63615714,94459143.04471023,ok,median bootstrap CI; unsupported/missing/NaN values excluded
main_benchmark,tables\rebuilt_main_benchmark_by_run.csv,hv,hv,31,15347208952111199205,5000,results/20260419_103648_benchmark_dtlz_3obj,DTLZ2_n_obj3,MOEAD,17.984006015051353,17.9838873999024,17.984142220020917,ok,median bootstrap CI; unsupported/missing/NaN values excluded
main_benchmark,tables\rebuilt_main_benchmark_by_run.csv,hv,hv,31,3349165661448171098,5000,results/20260419_103648_benchmark_dtlz_3obj,DTLZ2_n_obj3,MOEAD_DE,18.004546517064025,18.003784832693704,18.005376333862426,ok,median bootstrap CI; unsupported/missing/NaN values excluded
main_benchmark,tables\rebuilt_main_benchmark_by_run.csv,hv,hv,31,13287409751979107767,5000,results/20260419_103648_benchmark_dtlz_3obj,DTLZ2_n_obj3,MOSADE,18.012751132392975,18.009975472878516,18.013797174504155,ok,median bootstrap CI; unsupported/missing/NaN values excluded
main_benchmark,tables\rebuilt_main_benchmark_by_run.csv,hv,hv,31,13031109902163683100,5000,results/20260419_103648_benchmark_dtlz_3obj,DTLZ2_n_obj3,NSGA2,17.91024245542893,17.906911121191925,17.91416299844693,ok,median bootstrap CI; unsupported/missing/NaN values excluded
main_benchmark,tables\rebuilt_main_benchmark_by_run.csv,hv,hv,31,5889555130655602017,5000,results/20260419_103648_benchmark_dtlz_3obj,DTLZ2_n_obj3,NSGA3,18.026719025267745,18.02671886010448,18.026719167821614,ok,median bootstrap CI; unsupported/missing/NaN values excluded
main_benchmark,tables\rebuilt_main_benchmark_by_run.csv,hv,hv,31,3931058122938689166,5000,results/20260419_103648_benchmark_dtlz_3obj,DTLZ2_n_obj3,SMSEMOA,18.035445965912448,18.03540374675444,18.03551485584423,ok,median bootstrap CI; unsupported/missing/NaN values excluded
main_benchmark,tables\rebuilt_main_benchmark_by_run.csv,hv,hv,31,3025775938413949526,5000,results/20260419_103648_benchmark_dtlz_3obj,DTLZ2_n_obj3,SPEA2,17.889947045089983,17.878188827696466,17.90927381991158,ok,median bootstrap CI; unsupported/missing/NaN values excluded
main_benchmark,tables\rebuilt_main_benchmark_by_run.csv,hv,hv,31,2004659898564639719,5000,results/20260419_103648_benchmark_dtlz_3obj,DTLZ3_n_obj3,MOEAD,6140568022.552531,6140568022.552262,6140568022.55266,ok,median bootstrap CI; unsupported/missing/NaN values excluded
main_benchmark,tables\rebuilt_main_benchmark_by_run.csv,hv,hv,31,15883691881244043057,5000,results/20260419_103648_benchmark_dtlz_3obj,DTLZ3_n_obj3,MOEAD_DE,6140567969.778079,6140567936.319504,6140568006.520742,ok,median bootstrap CI; unsupported/missing/NaN values excluded
main_benchmark,tables\rebuilt_main_benchmark_by_run.csv,hv,hv,31,807822343620345017,5000,results/20260419_103648_benchmark_dtlz_3obj,DTLZ3_n_obj3,MOSADE,6140567967.70758,6140567942.319365,6140567976.32027,ok,median bootstrap CI; unsupported/missing/NaN values excluded
main_benchmark,tables\rebuilt_main_benchmark_by_run.csv,hv,hv,31,16246060053860938760,5000,results/20260419_103648_benchmark_dtlz_3obj,DTLZ3_n_obj3,NSGA2,6140566192.967464,6140565118.855299,6140566532.82738,ok,median bootstrap CI; unsupported/missing/NaN values excluded
main_benchmark,tables\rebuilt_main_benchmark_by_run.csv,hv,hv,31,563146401792620458,5000,results/20260419_103648_benchmark_dtlz_3obj,DTLZ3_n_obj3,NSGA3,6140568022.596112,6140568022.595929,6140568022.596178,ok,median bootstrap CI; unsupported/missing/NaN values excluded
main_benchmark,tables\rebuilt_main_benchmark_by_run.csv,hv,hv,31,15910428608018798114,5000,results/20260419_103648_benchmark_dtlz_3obj,DTLZ3_n_obj3,SMSEMOA,6140568022.605433,6140568022.605389,6140568022.605476,ok,median bootstrap CI; unsupported/missing/NaN values excluded
main_benchmark,tables\rebuilt_main_benchmark_by_run.csv,hv,hv,31,10277018370217013767,5000,results/20260419_103648_benchmark_dtlz_3obj,DTLZ3_n_obj3,SPEA2,6140545758.46168,6140533866.256609,6140552168.080099,ok,median bootstrap CI; unsupported/missing/NaN values excluded
main_benchmark,tables\rebuilt_main_benchmark_by_run.csv,hv,hv,31,15335494465097652404,5000,results/20260419_103648_benchmark_dtlz_3obj,DTLZ4_n_obj3,MOEAD,14.026016085450625,14.024787439823024,14.027575869801444,ok,median bootstrap CI; unsupported/missing/NaN values excluded
main_benchmark,tables\rebuilt_main_benchmark_by_run.csv,hv,hv,31,8634240207585728927,5000,results/20260419_103648_benchmark_dtlz_3obj,DTLZ4_n_obj3,MOEAD_DE,14.045248393014615,13.965066480930496,14.048213633995063,ok,median bootstrap CI; unsupported/missing/NaN values excluded
main_benchmark,tables\rebuilt_main_benchmark_by_run.csv,hv,hv,31,12916440111646755063,5000,results/20260419_103648_benchmark_dtlz_3obj,DTLZ4_n_obj3,MOSADE,14.059477574519644,14.056811248440258,14.061514555175336,ok,median bootstrap CI; unsupported/missing/NaN values excluded
main_benchmark,tables\rebuilt_main_benchmark_by_run.csv,hv,hv,31,13766719603433456282,5000,results/20260419_103648_benchmark_dtlz_3obj,DTLZ4_n_obj3,NSGA2,13.999004316391517,13.994182969907945,14.007794301419208,ok,median bootstrap CI; unsupported/missing/NaN values excluded
main_benchmark,tables\rebuilt_main_benchmark_by_run.csv,hv,hv,31,6108097194154676540,5000,results/20260419_103648_benchmark_dtlz_3obj,DTLZ4_n_obj3,NSGA3,14.065527189753956,14.065514302311971,14.065528199411087,ok,median bootstrap CI; unsupported/missing/NaN values excluded
main_benchmark,tables\rebuilt_main_benchmark_by_run.csv,hv,hv,31,13904708710110227161,5000,results/20260419_103648_benchmark_dtlz_3obj,DTLZ4_n_obj3,SMSEMOA,14.074288072927477,14.074085062086755,14.074379414694764,ok,median bootstrap CI; unsupported/missing/NaN values excluded
main_benchmark,tables\rebuilt_main_benchmark_by_run.csv,hv,hv,31,2337578187573812495,5000,results/20260419_103648_benchmark_dtlz_3obj,DTLZ4_n_obj3,SPEA2,14.00765155431834,13.988593186012045,14.01680272329918,ok,median bootstrap CI; unsupported/missing/NaN values excluded
main_benchmark,tables\rebuilt_main_benchmark_by_run.csv,igd,igd,31,10068730572464364692,5000,results/20260417_034204_benchmark_zdt,ZDT1,MOEAD,0.0039341406287529,0.0039284464146178,0.0039425870658921,ok,median bootstrap CI; unsupported/missing/NaN values excluded
main_benchmark,tables\rebuilt_main_benchmark_by_run.csv,igd,igd,31,5575068403433632775,5000,results/20260417_034204_benchmark_zdt,ZDT1,MOEAD_DE,0.0040822552936728,0.004080791941155,0.0040873952379392,ok,median bootstrap CI; unsupported/missing/NaN values excluded
main_benchmark,tables\rebuilt_main_benchmark_by_run.csv,igd,igd,31,4457072196323427545,5000,results/20260417_034204_benchmark_zdt,ZDT1,MOSADE,0.001885596226161,0.0018789315387377,0.0018912421675197,ok,median bootstrap CI; unsupported/missing/NaN values excluded
main_benchmark,tables\rebuilt_main_benchmark_by_run.csv,igd,igd,31,5581443375958139596,5000,results/20260417_034204_benchmark_zdt,ZDT1,NSGA2,0.0053687941941766,0.005286194687485,0.0054498894504079,ok,median bootstrap CI; unsupported/missing/NaN values excluded
main_benchmark,tables\rebuilt_main_benchmark_by_run.csv,igd,igd,31,3654643828966620252,5000,results/20260417_034204_benchmark_zdt,ZDT1,NSGA3,0.0038384317327846,0.0038383525715277,0.0038385775574917,ok,median bootstrap CI; unsupported/missing/NaN values excluded
main_benchmark,tables\rebuilt_main_benchmark_by_run.csv,igd,igd,31,17687485370818805945,5000,results/20260417_034204_benchmark_zdt,ZDT1,SMSEMOA,0.0037080959086922,0.0036960965975216,0.0037162695372401,ok,median bootstrap CI; unsupported/missing/NaN values excluded
main_benchmark,tables\rebuilt_main_benchmark_by_run.csv,igd,igd,31,10871636775473812229,5000,results/20260417_034204_benchmark_zdt,ZDT1,SPEA2,0.0045157139396966,0.0044838901812469,0.0045730581846575,ok,median bootstrap CI; unsupported/missing/NaN values excluded
main_benchmark,tables\rebuilt_main_benchmark_by_run.csv,igd,igd,31,17554210827841585168,5000,results/20260417_034204_benchmark_zdt,ZDT2,MOEAD,0.0038381427268708,0.0038348956777588,0.0038439292152632,ok,median bootstrap CI; unsupported/missing/NaN values excluded
main_benchmark,tables\rebuilt_main_benchmark_by_run.csv,igd,igd,31,14220849908250029799,5000,results/20260417_034204_benchmark_zdt,ZDT2,MOEAD_DE,0.0038459308036913,0.0038438164506095,0.0038471562544866,ok,median bootstrap CI; unsupported/missing/NaN values excluded
main_benchmark,tables\rebuilt_main_benchmark_by_run.csv,igd,igd,31,6460250665534211334,5000,results/20260417_034204_benchmark_zdt,ZDT2,MOSADE,0.0019234875995491,0.0019191780215218,0.0019321702487374,ok,median bootstrap CI; unsupported/missing/NaN values excluded
main_benchmark,tables\rebuilt_main_benchmark_by_run.csv,igd,igd,31,10622666425203219612,5000,results/20260417_034204_benchmark_zdt,ZDT2,NSGA2,0.0050761797182825,0.0050149830987705,0.0051517343759596,ok,median bootstrap CI; unsupported/missing/NaN values excluded
main_benchmark,tables\rebuilt_main_benchmark_by_run.csv,igd,igd,31,12586266385181354969,5000,results/20260417_034204_benchmark_zdt,ZDT2,NSGA3,0.003807858493526,0.0038078338341633,0.0038078881098328,ok,median bootstrap CI; unsupported/missing/NaN values excluded
main_benchmark,tables\rebuilt_main_benchmark_by_run.csv,igd,igd,31,9911716412964096309,5000,results/20260417_034204_benchmark_zdt,ZDT2,SMSEMOA,0.0044515528004812,0.0043871955290648,0.0045266322412948,ok,median bootstrap CI; unsupported/missing/NaN values excluded
main_benchmark,tables\rebuilt_main_benchmark_by_run.csv,igd,igd,31,14262547375319325957,5000,results/20260417_034204_benchmark_zdt,ZDT2,SPEA2,0.0044539084729988,0.0043649614642213,0.0045450989741935,ok,median bootstrap CI; unsupported/missing/NaN values excluded
main_benchmark,tables\rebuilt_main_benchmark_by_run.csv,igd,igd,31,5361376299386090324,5000,results/20260417_034204_benchmark_zdt,ZDT3,MOEAD,0.0087384581187949,0.0087339341367696,0.0087426017039476,ok,median bootstrap CI; unsupported/missing/NaN values excluded
main_benchmark,tables\rebuilt_main_benchmark_by_run.csv,igd,igd,31,15765381726314618942,5000,results/20260417_034204_benchmark_zdt,ZDT3,MOEAD_DE,0.0094418015064688,0.009437442502608,0.0094445623508443,ok,median bootstrap CI; unsupported/missing/NaN values excluded
main_benchmark,tables\rebuilt_main_benchmark_by_run.csv,igd,igd,31,13960514458757995863,5000,results/20260417_034204_benchmark_zdt,ZDT3,MOSADE,0.0022660470897209,0.0022549331759915,0.0022759709285009,ok,median bootstrap CI; unsupported/missing/NaN values excluded
main_benchmark,tables\rebuilt_main_benchmark_by_run.csv,igd,igd,31,13433653420697885728,5000,results/20260417_034204_benchmark_zdt,ZDT3,NSGA2,0.0055702310759189,0.0055048327664627,0.0056396876077345,ok,median bootstrap CI; unsupported/missing/NaN values excluded
main_benchmark,tables\rebuilt_main_benchmark_by_run.csv,igd,igd,31,17035020442748158562,5000,results/20260417_034204_benchmark_zdt,ZDT3,NSGA3,0.0063933671425066,0.0063925957175873,0.0063973379504313,ok,median bootstrap CI; unsupported/missing/NaN values excluded
main_benchmark,tables\rebuilt_main_benchmark_by_run.csv,igd,igd,31,5219855647152922842,5000,results/20260417_034204_benchmark_zdt,ZDT3,SMSEMOA,0.0047592893045532,0.0047407285646714,0.004779229486541,ok,median bootstrap CI; unsupported/missing/NaN values excluded
main_benchmark,tables\rebuilt_main_benchmark_by_run.csv,igd,igd,31,8288783679375761600,5000,results/20260417_034204_benchmark_zdt,ZDT3,SPEA2,0.0051626326071889,0.0051264734001113,0.0052445076640137,ok,median bootstrap CI; unsupported/missing/NaN values excluded
main_benchmark,tables\rebuilt_main_benchmark_by_run.csv,igd,igd,31,17632561739708459667,5000,results/20260417_034204_benchmark_zdt,ZDT4,MOEAD,0.0039020535744752,0.0038865031885538,0.0039267436431854,ok,median bootstrap CI; unsupported/missing/NaN values excluded
main_benchmark,tables\rebuilt_main_benchmark_by_run.csv,igd,igd,31,1544836801670302,5000,results/20260417_034204_benchmark_zdt,ZDT4,MOEAD_DE,0.0040731963783924,0.004071240143937,0.0040763959787577,ok,median bootstrap CI; unsupported/missing/NaN values excluded
main_benchmark,tables\rebuilt_main_benchmark_by_run.csv,igd,igd,31,18154743092185666481,5000,results/20260417_034204_benchmark_zdt,ZDT4,MOSADE,0.0018510567551577,0.0018361555459834,0.0018554744648022,ok,median bootstrap CI; unsupported/missing/NaN values excluded
main_benchmark,tables\rebuilt_main_benchmark_by_run.csv,igd,igd,31,14454362540910016045,5000,results/20260417_034204_benchmark_zdt,ZDT4,NSGA2,0.0047261462174247,0.004672060724459,0.0047851110101492,ok,median bootstrap CI; unsupported/missing/NaN values excluded
main_benchmark,tables\rebuilt_main_benchmark_by_run.csv,igd,igd,31,8494157543840301729,5000,results/20260417_034204_benchmark_zdt,ZDT4,NSGA3,0.0038391445523064,0.0038389180228912,0.0038401823163486,ok,median bootstrap CI; unsupported/missing/NaN values excluded
main_benchmark,tables\rebuilt_main_benchmark_by_run.csv,igd,igd,31,8750404027875098482,5000,results/20260417_034204_benchmark_zdt,ZDT4,SMSEMOA,0.0036680532719892,0.0036615402589605,0.0036809922648942,ok,median bootstrap CI; unsupported/missing/NaN values excluded
main_benchmark,tables\rebuilt_main_benchmark_by_run.csv,igd,igd,31,11122340386652022828,5000,results/20260417_034204_benchmark_zdt,ZDT4,SPEA2,0.0044129974663877,0.0043942500075637,0.0044622390469706,ok,median bootstrap CI; unsupported/missing/NaN values excluded
main_benchmark,tables\rebuilt_main_benchmark_by_run.csv,igd,igd,31,1752371364329804414,5000,results/20260417_034204_benchmark_zdt,ZDT6,MOEAD,0.0032626977707,0.0032404265879302,0.003292664865441,ok,median bootstrap CI; unsupported/missing/NaN values excluded
main_benchmark,tables\rebuilt_main_benchmark_by_run.csv,igd,igd,31,3039839503230532863,5000,results/20260417_034204_benchmark_zdt,ZDT6,MOEAD_DE,0.0031804723214573,0.0031678826939031,0.0032125309250986,ok,median bootstrap CI; unsupported/missing/NaN values excluded
main_benchmark,tables\rebuilt_main_benchmark_by_run.csv,igd,igd,31,14374130154468134199,5000,results/20260417_034204_benchmark_zdt,ZDT6,MOSADE,0.0015085818922965,0.0015051930840641,0.0015146890203296,ok,median bootstrap CI; unsupported/missing/NaN values excluded
main_benchmark,tables\rebuilt_main_benchmark_by_run.csv,igd,igd,31,2614451945508985368,5000,results/20260417_034204_benchmark_zdt,ZDT6,NSGA2,0.0043118475223128,0.0041733249596463,0.0044090986121217,ok,median bootstrap CI; unsupported/missing/NaN values excluded
main_benchmark,tables\rebuilt_main_benchmark_by_run.csv,igd,igd,31,1608131426604218206,5000,results/20260417_034204_benchmark_zdt,ZDT6,NSGA3,0.0030519680609294,0.0030473177447252,0.003060514336864,ok,median bootstrap CI; unsupported/missing/NaN values excluded
main_benchmark,tables\rebuilt_main_benchmark_by_run.csv,igd,igd,31,6429986540497380105,5000,results/20260417_034204_benchmark_zdt,ZDT6,SMSEMOA,0.0031350260325395,0.0031272893470709,0.003148396303071,ok,median bootstrap CI; unsupported/missing/NaN values excluded
main_benchmark,tables\rebuilt_main_benchmark_by_run.csv,igd,igd,31,16686852700167290454,5000,results/20260417_034204_benchmark_zdt,ZDT6,SPEA2,0.0035224386524591,0.0035050741491996,0.003547669345329,ok,median bootstrap CI; unsupported/missing/NaN values excluded
main_benchmark,tables\rebuilt_main_benchmark_by_run.csv,igd,igd,31,17020047830027742281,5000,results/20260417_163055_benchmark_wfg,WFG1,MOEAD,0.092595477579872,0.0924594085842018,0.0926548081049131,ok,median bootstrap CI; unsupported/missing/NaN values excluded
main_benchmark,tables\rebuilt_main_benchmark_by_run.csv,igd,igd,31,15765248606607745212,5000,results/20260417_163055_benchmark_wfg,WFG1,MOEAD_DE,0.0927510887385165,0.0926375598334584,0.0928558519990319,ok,median bootstrap CI; unsupported/missing/NaN values excluded
main_benchmark,tables\rebuilt_main_benchmark_by_run.csv,igd,igd,31,1622398331180498461,5000,results/20260417_163055_benchmark_wfg,WFG1,MOSADE,0.0894806230900056,0.0894136211179909,0.0895273255766596,ok,median bootstrap CI; unsupported/missing/NaN values excluded
main_benchmark,tables\rebuilt_main_benchmark_by_run.csv,igd,igd,31,3818568857730268432,5000,results/20260417_163055_benchmark_wfg,WFG1,NSGA2,0.1809621030645139,0.1037237237070992,0.1821387839260087,ok,median bootstrap CI; unsupported/missing/NaN values excluded
main_benchmark,tables\rebuilt_main_benchmark_by_run.csv,igd,igd,31,14998384984015051010,5000,results/20260417_163055_benchmark_wfg,WFG1,NSGA3,0.09108281918162,0.0910802938853247,0.0910860962118648,ok,median bootstrap CI; unsupported/missing/NaN values excluded
main_benchmark,tables\rebuilt_main_benchmark_by_run.csv,igd,igd,31,5861571216286113089,5000,results/20260417_163055_benchmark_wfg,WFG1,SMSEMOA,0.0916568696884817,0.0915773326729989,0.0918496053517876,ok,median bootstrap CI; unsupported/missing/NaN values excluded
main_benchmark,tables\rebuilt_main_benchmark_by_run.csv,igd,igd,31,10599940041168728891,5000,results/20260417_163055_benchmark_wfg,WFG1,SPEA2,0.0883178373663465,0.0880155714287151,0.0885455799886825,ok,median bootstrap CI; unsupported/missing/NaN values excluded
main_benchmark,tables\rebuilt_main_benchmark_by_run.csv,igd,igd,31,14753152300606222371,5000,results/20260417_163055_benchmark_wfg,WFG2,MOEAD,0.2595796679136032,0.2574019190033966,0.2626389986993252,ok,median bootstrap CI; unsupported/missing/NaN values excluded
main_benchmark,tables\rebuilt_main_benchmark_by_run.csv,igd,igd,31,12226541757903706235,5000,results/20260417_163055_benchmark_wfg,WFG2,MOEAD_DE,0.1609883341582776,0.1599154886206583,0.1613248920795135,ok,median bootstrap CI; unsupported/missing/NaN values excluded
main_benchmark,tables\rebuilt_main_benchmark_by_run.csv,igd,igd,31,9030229687277717824,5000,results/20260417_163055_benchmark_wfg,WFG2,MOSADE,0.2495522449526219,0.2493099021678616,0.2496252686109601,ok,median bootstrap CI; unsupported/missing/NaN values excluded
main_benchmark,tables\rebuilt_main_benchmark_by_run.csv,igd,igd,31,8312054341842202469,5000,results/20260417_163055_benchmark_wfg,WFG2,NSGA2,0.2494129976091099,0.2492207180807992,0.2497865948998132,ok,median bootstrap CI; unsupported/missing/NaN values excluded
main_benchmark,tables\rebuilt_main_benchmark_by_run.csv,igd,igd,31,12971638546457159458,5000,results/20260417_163055_benchmark_wfg,WFG2,NSGA3,0.2522970727319084,0.2521891981839584,0.2523764589363415,ok,median bootstrap CI; unsupported/missing/NaN values excluded
main_benchmark,tables\rebuilt_main_benchmark_by_run.csv,igd,igd,31,3438036170477034028,5000,results/20260417_163055_benchmark_wfg,WFG2,SMSEMOA,0.2554268223983594,0.254946466112722,0.2556055153381256,ok,median bootstrap CI; unsupported/missing/NaN values excluded
main_benchmark,tables\rebuilt_main_benchmark_by_run.csv,igd,igd,31,11432079684901034677,5000,results/20260417_163055_benchmark_wfg,WFG2,SPEA2,0.2536701726334586,0.2529774811540657,0.2539442830237464,ok,median bootstrap CI; unsupported/missing/NaN values excluded
main_benchmark,tables\rebuilt_main_benchmark_by_run.csv,igd,igd,31,1377761570613828868,5000,results/20260417_163055_benchmark_wfg,WFG3,MOEAD,0.0140374150782626,0.0138747124080834,0.0142501065101704,ok,median bootstrap CI; unsupported/missing/NaN values excluded
main_benchmark,tables\rebuilt_main_benchmark_by_run.csv,igd,igd,31,14350687991258606639,5000,results/20260417_163055_benchmark_wfg,WFG3,MOEAD_DE,0.0138764362698234,0.0136687645953953,0.0140078097307804,ok,median bootstrap CI; unsupported/missing/NaN values excluded
main_benchmark,tables\rebuilt_main_benchmark_by_run.csv,igd,igd,31,11601869289361420824,5000,results/20260417_163055_benchmark_wfg,WFG3,MOSADE,0.0067697933671607,0.006629352803485,0.0069820981045185,ok,median bootstrap CI; unsupported/missing/NaN values excluded
main_benchmark,tables\rebuilt_main_benchmark_by_run.csv,igd,igd,31,3570259510374428452,5000,results/20260417_163055_benchmark_wfg,WFG3,NSGA2,0.0382015544695664,0.0359469109056564,0.0400025829156606,ok,median bootstrap CI; unsupported/missing/NaN values excluded
main_benchmark,tables\rebuilt_main_benchmark_by_run.csv,igd,igd,31,13217894863013650434,5000,results/20260417_163055_benchmark_wfg,WFG3,NSGA3,0.0047473655416521,0.004077907941216,0.0053697246585677,ok,median bootstrap CI; unsupported/missing/NaN values excluded
main_benchmark,tables\rebuilt_main_benchmark_by_run.csv,igd,igd,31,951029098915564357,5000,results/20260417_163055_benchmark_wfg,WFG3,SMSEMOA,0.0122541682082292,0.0115691644207222,0.0128350109242198,ok,median bootstrap CI; unsupported/missing/NaN values excluded
main_benchmark,tables\rebuilt_main_benchmark_by_run.csv,igd,igd,31,12281889023204061664,5000,results/20260417_163055_benchmark_wfg,WFG3,SPEA2,0.0185166669378494,0.0176061435933677,0.0189325862457882,ok,median bootstrap CI; unsupported/missing/NaN values excluded
main_benchmark,tables\rebuilt_main_benchmark_by_run.csv,igd,igd,31,3129411377857303165,5000,results/20260417_163055_benchmark_wfg,WFG4,MOEAD,0.0265777005538838,0.0260183277781893,0.0291076974289668,ok,median bootstrap CI; unsupported/missing/NaN values excluded
main_benchmark,tables\rebuilt_main_benchmark_by_run.csv,igd,igd,31,6900679091505814335,5000,results/20260417_163055_benchmark_wfg,WFG4,MOEAD_DE,0.0275244865340902,0.0251709107336539,0.029263516515846,ok,median bootstrap CI; unsupported/missing/NaN values excluded
main_benchmark,tables\rebuilt_main_benchmark_by_run.csv,igd,igd,31,13208348073405444472,5000,results/20260417_163055_benchmark_wfg,WFG4,MOSADE,0.0059258340652396,0.0056514720638475,0.0063196357378089,ok,median bootstrap CI; unsupported/missing/NaN values excluded
main_benchmark,tables\rebuilt_main_benchmark_by_run.csv,igd,igd,31,5353491967932765864,5000,results/20260417_163055_benchmark_wfg,WFG4,NSGA2,0.0274653986100488,0.026552175918458,0.0282573180397447,ok,median bootstrap CI; unsupported/missing/NaN values excluded
main_benchmark,tables\rebuilt_main_benchmark_by_run.csv,igd,igd,31,1444559431494779550,5000,results/20260417_163055_benchmark_wfg,WFG4,NSGA3,0.012367235858262,0.0123441888301184,0.0123868105869328,ok,median bootstrap CI; unsupported/missing/NaN values excluded
main_benchmark,tables\rebuilt_main_benchmark_by_run.csv,igd,igd,31,5686329179917438727,5000,results/20260417_163055_benchmark_wfg,WFG4,SMSEMOA,0.0112505919184619,0.0108764600412758,0.0119604609511306,ok,median bootstrap CI; unsupported/missing/NaN values excluded
main_benchmark,tables\rebuilt_main_benchmark_by_run.csv,igd,igd,31,1113244946457763325,5000,results/20260417_163055_benchmark_wfg,WFG4,SPEA2,0.0168446473934459,0.0161025877772764,0.0184627437305634,ok,median bootstrap CI; unsupported/missing/NaN values excluded
main_benchmark,tables\rebuilt_main_benchmark_by_run.csv,igd,igd,31,5664888563300273524,5000,results/20260417_163055_benchmark_wfg,WFG5,MOEAD,0.064874057739937,0.0648134602569822,0.064939165406878,ok,median bootstrap CI; unsupported/missing/NaN values excluded
main_benchmark,tables\rebuilt_main_benchmark_by_run.csv,igd,igd,31,3141204805099486340,5000,results/20260417_163055_benchmark_wfg,WFG5,MOEAD_DE,0.0646973767760869,0.0646505558828434,0.0647762038277137,ok,median bootstrap CI; unsupported/missing/NaN values excluded
main_benchmark,tables\rebuilt_main_benchmark_by_run.csv,igd,igd,31,11013986652970638213,5000,results/20260417_163055_benchmark_wfg,WFG5,MOSADE,0.063721052911643,0.0636699398962877,0.0638018160989652,ok,median bootstrap CI; unsupported/missing/NaN values excluded
main_benchmark,tables\rebuilt_main_benchmark_by_run.csv,igd,igd,31,18371388866466382880,5000,results/20260417_163055_benchmark_wfg,WFG5,NSGA2,0.067944238031219,0.0678049676682196,0.0683590494314105,ok,median bootstrap CI; unsupported/missing/NaN values excluded
main_benchmark,tables\rebuilt_main_benchmark_by_run.csv,igd,igd,31,17111544911637477319,5000,results/20260417_163055_benchmark_wfg,WFG5,NSGA3,0.064393008262941,0.0643585053779705,0.0645198509578072,ok,median bootstrap CI; unsupported/missing/NaN values excluded
main_benchmark,tables\rebuilt_main_benchmark_by_run.csv,igd,igd,31,4147576220553799671,5000,results/20260417_163055_benchmark_wfg,WFG5,SMSEMOA,0.06648647326071,0.0660841317380839,0.0667894222182974,ok,median bootstrap CI; unsupported/missing/NaN values excluded
main_benchmark,tables\rebuilt_main_benchmark_by_run.csv,igd,igd,31,3177773803588070954,5000,results/20260417_163055_benchmark_wfg,WFG5,SPEA2,0.0674442920985116,0.0671194486574455,0.0675272805029961,ok,median bootstrap CI; unsupported/missing/NaN values excluded
main_benchmark,tables\rebuilt_main_benchmark_by_run.csv,igd,igd,31,8553148575522042825,5000,results/20260417_163055_benchmark_wfg,WFG6,MOEAD,0.0470036666848273,0.0390967799706466,0.0881561655321587,ok,median bootstrap CI; unsupported/missing/NaN values excluded
main_benchmark,tables\rebuilt_main_benchmark_by_run.csv,igd,igd,31,12522377714743183258,5000,results/20260417_163055_benchmark_wfg,WFG6,MOEAD_DE,0.1201153062101283,0.1200869370320314,0.1201606477995512,ok,median bootstrap CI; unsupported/missing/NaN values excluded
main_benchmark,tables\rebuilt_main_benchmark_by_run.csv,igd,igd,31,11535199047568528024,5000,results/20260417_163055_benchmark_wfg,WFG6,MOSADE,0.0195399445455267,0.0182524749134532,0.0212210771656022,ok,median bootstrap CI; unsupported/missing/NaN values excluded
main_benchmark,tables\rebuilt_main_benchmark_by_run.csv,igd,igd,31,17908893354666656766,5000,results/20260417_163055_benchmark_wfg,WFG6,NSGA2,0.0682063170145563,0.0612572538170576,0.070034926059382,ok,median bootstrap CI; unsupported/missing/NaN values excluded
main_benchmark,tables\rebuilt_main_benchmark_by_run.csv,igd,igd,31,10773399411334216334,5000,results/20260417_163055_benchmark_wfg,WFG6,NSGA3,0.0570299684163918,0.0546143951860204,0.0609129412287787,ok,median bootstrap CI; unsupported/missing/NaN values excluded
main_benchmark,tables\rebuilt_main_benchmark_by_run.csv,igd,igd,31,12276340036335423689,5000,results/20260417_163055_benchmark_wfg,WFG6,SMSEMOA,0.0585683711866421,0.0560694946612198,0.0635310413813346,ok,median bootstrap CI; unsupported/missing/NaN values excluded
main_benchmark,tables\rebuilt_main_benchmark_by_run.csv,igd,igd,31,11582627108730064926,5000,results/20260417_163055_benchmark_wfg,WFG6,SPEA2,0.0604810382883882,0.0572550576920063,0.0641030236935558,ok,median bootstrap CI; unsupported/missing/NaN values excluded
main_benchmark,tables\rebuilt_main_benchmark_by_run.csv,igd,igd,31,11796291814547155013,5000,results/20260417_163055_benchmark_wfg,WFG7,MOEAD,0.0116883200082498,0.0116240874089906,0.0117683368107061,ok,median bootstrap CI; unsupported/missing/NaN values excluded
main_benchmark,tables\rebuilt_main_benchmark_by_run.csv,igd,igd,31,9935694048982244872,5000,results/20260417_163055_benchmark_wfg,WFG7,MOEAD_DE,0.0119325163159643,0.011763084431906,0.0121071247961111,ok,median bootstrap CI; unsupported/missing/NaN values excluded
main_benchmark,tables\rebuilt_main_benchmark_by_run.csv,igd,igd,31,15481807086716033500,5000,results/20260417_163055_benchmark_wfg,WFG7,MOSADE,0.0066674356324743,0.0064239247161632,0.0068508802250405,ok,median bootstrap CI; unsupported/missing/NaN values excluded
main_benchmark,tables\rebuilt_main_benchmark_by_run.csv,igd,igd,31,4294709228317086772,5000,results/20260417_163055_benchmark_wfg,WFG7,NSGA2,0.0270229146825939,0.0263156723528092,0.0277716629228537,ok,median bootstrap CI; unsupported/missing/NaN values excluded
main_benchmark,tables\rebuilt_main_benchmark_by_run.csv,igd,igd,31,3154321524768864805,5000,results/20260417_163055_benchmark_wfg,WFG7,NSGA3,0.0021299563094431,0.0020881978681177,0.0021642517547074,ok,median bootstrap CI; unsupported/missing/NaN values excluded
main_benchmark,tables\rebuilt_main_benchmark_by_run.csv,igd,igd,31,9011281637932908086,5000,results/20260417_163055_benchmark_wfg,WFG7,SMSEMOA,0.0133426053803934,0.0130433151224397,0.0137613976218872,ok,median bootstrap CI; unsupported/missing/NaN values excluded
main_benchmark,tables\rebuilt_main_benchmark_by_run.csv,igd,igd,31,15211417387902986137,5000,results/20260417_163055_benchmark_wfg,WFG7,SPEA2,0.0184604454654222,0.0179361396582448,0.0194345789251841,ok,median bootstrap CI; unsupported/missing/NaN values excluded
main_benchmark,tables\rebuilt_main_benchmark_by_run.csv,igd,igd,31,5280157229736952984,5000,results/20260417_163055_benchmark_wfg,WFG8,MOEAD,0.1214164424460201,0.1110196431575269,0.1347120347950434,ok,median bootstrap CI; unsupported/missing/NaN values excluded
main_benchmark,tables\rebuilt_main_benchmark_by_run.csv,igd,igd,31,17345909626498596511,5000,results/20260417_163055_benchmark_wfg,WFG8,MOEAD_DE,0.120634998867448,0.1204376138244684,0.1225529015981157,ok,median bootstrap CI; unsupported/missing/NaN values excluded
main_benchmark,tables\rebuilt_main_benchmark_by_run.csv,igd,igd,31,11345178335462491522,5000,results/20260417_163055_benchmark_wfg,WFG8,MOSADE,0.0992568371955001,0.060836733269051,0.1040800452062853,ok,median bootstrap CI; unsupported/missing/NaN values excluded
main_benchmark,tables\rebuilt_main_benchmark_by_run.csv,igd,igd,31,532122210105239555,5000,results/20260417_163055_benchmark_wfg,WFG8,NSGA2,0.123060911379597,0.1120578547778197,0.1341580178091403,ok,median bootstrap CI; unsupported/missing/NaN values excluded
main_benchmark,tables\rebuilt_main_benchmark_by_run.csv,igd,igd,31,15682523783562893554,5000,results/20260417_163055_benchmark_wfg,WFG8,NSGA3,0.1188083169678405,0.1113849318593903,0.1229062289268761,ok,median bootstrap CI; unsupported/missing/NaN values excluded
main_benchmark,tables\rebuilt_main_benchmark_by_run.csv,igd,igd,31,10510325998601536648,5000,results/20260417_163055_benchmark_wfg,WFG8,SMSEMOA,0.1046490624550823,0.0988810802620056,0.108466015820897,ok,median bootstrap CI; unsupported/missing/NaN values excluded
main_benchmark,tables\rebuilt_main_benchmark_by_run.csv,igd,igd,31,15548772221979624185,5000,results/20260417_163055_benchmark_wfg,WFG8,SPEA2,0.1152905373310718,0.1135697759992895,0.1184092919928985,ok,median bootstrap CI; unsupported/missing/NaN values excluded
main_benchmark,tables\rebuilt_main_benchmark_by_run.csv,igd,igd,31,13889664678300638334,5000,results/20260417_163055_benchmark_wfg,WFG9,MOEAD,0.0143214783927499,0.0142490657881841,0.0147630706472278,ok,median bootstrap CI; unsupported/missing/NaN values excluded
main_benchmark,tables\rebuilt_main_benchmark_by_run.csv,igd,igd,31,9482151931017632258,5000,results/20260417_163055_benchmark_wfg,WFG9,MOEAD_DE,0.0142040075004254,0.01410079694131,0.0143549297846187,ok,median bootstrap CI; unsupported/missing/NaN values excluded
main_benchmark,tables\rebuilt_main_benchmark_by_run.csv,igd,igd,31,14303554776276970506,5000,results/20260417_163055_benchmark_wfg,WFG9,MOSADE,0.0095362910661892,0.0093657040897167,0.0097057543831362,ok,median bootstrap CI; unsupported/missing/NaN values excluded
main_benchmark,tables\rebuilt_main_benchmark_by_run.csv,igd,igd,31,3122324754222302811,5000,results/20260417_163055_benchmark_wfg,WFG9,NSGA2,0.0188063211213046,0.0182407057750943,0.0192023722518603,ok,median bootstrap CI; unsupported/missing/NaN values excluded
main_benchmark,tables\rebuilt_main_benchmark_by_run.csv,igd,igd,31,1899846894536831328,5000,results/20260417_163055_benchmark_wfg,WFG9,NSGA3,0.008714874434743,0.0083510520295807,0.0091551038833991,ok,median bootstrap CI; unsupported/missing/NaN values excluded
main_benchmark,tables\rebuilt_main_benchmark_by_run.csv,igd,igd,31,14177266568931890013,5000,results/20260417_163055_benchmark_wfg,WFG9,SMSEMOA,0.0190096318485654,0.0187788330629497,0.0191973668140153,ok,median bootstrap CI; unsupported/missing/NaN values excluded
main_benchmark,tables\rebuilt_main_benchmark_by_run.csv,igd,igd,31,3759427153583996389,5000,results/20260417_163055_benchmark_wfg,WFG9,SPEA2,0.016846115475987,0.0163068384416643,0.0170795532998574,ok,median bootstrap CI; unsupported/missing/NaN values excluded
main_benchmark,tables\rebuilt_main_benchmark_by_run.csv,igd,igd,31,11428314363241333365,5000,results/20260418_172554_benchmark_dascmop,DASCMOP1_difficulty1,MOEAD,0.00367903458299,0.0036660599411996,0.0036838806989498,ok,median bootstrap CI; unsupported/missing/NaN values excluded
main_benchmark,tables\rebuilt_main_benchmark_by_run.csv,igd,igd,31,2910264180797246602,5000,results/20260418_172554_benchmark_dascmop,DASCMOP1_difficulty1,MOSADE,0.002550180633347,0.0024781260769909,0.002596644651491,ok,median bootstrap CI; unsupported/missing/NaN values excluded
main_benchmark,tables\rebuilt_main_benchmark_by_run.csv,igd,igd,31,7326007733778127593,5000,results/20260418_172554_benchmark_dascmop,DASCMOP1_difficulty1,NSGA2,0.350390656142421,0.3503883749021772,0.3503920989989,ok,median bootstrap CI; unsupported/missing/NaN values excluded
main_benchmark,tables\rebuilt_main_benchmark_by_run.csv,igd,igd,31,15201566980738200762,5000,results/20260418_172554_benchmark_dascmop,DASCMOP1_difficulty1,NSGA3,0.3704678766416932,0.3647194170554561,0.3742934559046082,ok,median bootstrap CI; unsupported/missing/NaN values excluded
main_benchmark,tables\rebuilt_main_benchmark_by_run.csv,igd,igd,31,2476019212837915184,5000,results/20260418_172554_benchmark_dascmop,DASCMOP1_difficulty1,SMSEMOA,0.3699508468521813,0.3663245711639757,0.378246751428997,ok,median bootstrap CI; unsupported/missing/NaN values excluded
main_benchmark,tables\rebuilt_main_benchmark_by_run.csv,igd,igd,31,6521442467927364129,5000,results/20260418_172554_benchmark_dascmop,DASCMOP1_difficulty1,SPEA2,0.3567940356495173,0.3277641769944793,0.3613797297150179,ok,median bootstrap CI; unsupported/missing/NaN values excluded
main_benchmark,tables\rebuilt_main_benchmark_by_run.csv,igd,igd,31,10505075530933388251,5000,results/20260418_172554_benchmark_dascmop,DASCMOP1_difficulty13,MOEAD,0.3625124823165587,0.3557478819974327,0.3751477653661527,ok,median bootstrap CI; unsupported/missing/NaN values excluded
main_benchmark,tables\rebuilt_main_benchmark_by_run.csv,igd,igd,31,6553713101629921760,5000,results/20260418_172554_benchmark_dascmop,DASCMOP1_difficulty13,MOSADE,0.0066920211405328,0.0062387830189545,0.0069046917585452,ok,median bootstrap CI; unsupported/missing/NaN values excluded
main_benchmark,tables\rebuilt_main_benchmark_by_run.csv,igd,igd,31,6728728377218891306,5000,results/20260418_172554_benchmark_dascmop,DASCMOP1_difficulty13,NSGA2,0.3650902985231914,0.3549494632920771,0.3764543657609293,ok,median bootstrap CI; unsupported/missing/NaN values excluded
main_benchmark,tables\rebuilt_main_benchmark_by_run.csv,igd,igd,31,18168082884077628033,5000,results/20260418_172554_benchmark_dascmop,DASCMOP1_difficulty13,NSGA3,0.3654287534158291,0.3571592526138165,0.3694691950460507,ok,median bootstrap CI; unsupported/missing/NaN values excluded
main_benchmark,tables\rebuilt_main_benchmark_by_run.csv,igd,igd,31,4934826064721837873,5000,results/20260418_172554_benchmark_dascmop,DASCMOP1_difficulty13,SMSEMOA,0.3533204103439389,0.3457541814838542,0.3601827977233499,ok,median bootstrap CI; unsupported/missing/NaN values excluded
main_benchmark,tables\rebuilt_main_benchmark_by_run.csv,igd,igd,31,6063066159823652937,5000,results/20260418_172554_benchmark_dascmop,DASCMOP1_difficulty13,SPEA2,0.3546767076222327,0.3409457352637777,0.3561107475469263,ok,median bootstrap CI; unsupported/missing/NaN values excluded
main_benchmark,tables\rebuilt_main_benchmark_by_run.csv,igd,igd,31,4299129192876487283,5000,results/20260418_172554_benchmark_dascmop,DASCMOP1_difficulty7,MOEAD,0.1226137372452349,0.1225470560920213,0.1226783566648897,ok,median bootstrap CI; unsupported/missing/NaN values excluded
main_benchmark,tables\rebuilt_main_benchmark_by_run.csv,igd,igd,31,1047513973817552119,5000,results/20260418_172554_benchmark_dascmop,DASCMOP1_difficulty7,MOSADE,0.0021216483998514,0.0020870591849834,0.0021510878526595,ok,median bootstrap CI; unsupported/missing/NaN values excluded
main_benchmark,tables\rebuilt_main_benchmark_by_run.csv,igd,igd,31,16723405357262420441,5000,results/20260418_172554_benchmark_dascmop,DASCMOP1_difficulty7,NSGA2,1.2704549942726755,1.2676722830204388,1.2755376584079514,ok,median bootstrap CI; unsupported/missing/NaN values excluded
main_benchmark,tables\rebuilt_main_benchmark_by_run.csv,igd,igd,31,6333536620641829437,5000,results/20260418_172554_benchmark_dascmop,DASCMOP1_difficulty7,NSGA3,0.3039461685291393,0.3021366837164241,0.3099775886775744,ok,median bootstrap CI; unsupported/missing/NaN values excluded
main_benchmark,tables\rebuilt_main_benchmark_by_run.csv,igd,igd,31,12969827593276221071,5000,results/20260418_172554_benchmark_dascmop,DASCMOP1_difficulty7,SMSEMOA,0.3016552969044788,0.3014338581607693,0.3054237192567921,ok,median bootstrap CI; unsupported/missing/NaN values excluded
main_benchmark,tables\rebuilt_main_benchmark_by_run.csv,igd,igd,31,9926778508211458044,5000,results/20260418_172554_benchmark_dascmop,DASCMOP1_difficulty7,SPEA2,0.2884667462236124,0.2838886172332898,0.296630440423128,ok,median bootstrap CI; unsupported/missing/NaN values excluded
main_benchmark,tables\rebuilt_main_benchmark_by_run.csv,igd,igd,31,12896882731356114850,5000,results/20260418_172554_benchmark_dascmop,DASCMOP4_difficulty1,MOEAD,0.0433055468975713,0.0277016919054441,0.0737710481962215,ok,median bootstrap CI; unsupported/missing/NaN values excluded
main_benchmark,tables\rebuilt_main_benchmark_by_run.csv,igd,igd,31,16362511730673487957,5000,results/20260418_172554_benchmark_dascmop,DASCMOP4_difficulty1,MOSADE,0.0013607310857428,0.0013536602694125,0.0013779165384447,ok,median bootstrap CI; unsupported/missing/NaN values excluded
main_benchmark,tables\rebuilt_main_benchmark_by_run.csv,igd,igd,31,10436029047128592602,5000,results/20260418_172554_benchmark_dascmop,DASCMOP4_difficulty1,NSGA2,0.221767907717889,0.2010330374358129,0.2350305926057794,ok,median bootstrap CI; unsupported/missing/NaN values excluded
main_benchmark,tables\rebuilt_main_benchmark_by_run.csv,igd,igd,31,15840524676836841864,5000,results/20260418_172554_benchmark_dascmop,DASCMOP4_difficulty1,NSGA3,0.0036277161564585,0.0036263535845395,0.0036284658829547,ok,median bootstrap CI; unsupported/missing/NaN values excluded
main_benchmark,tables\rebuilt_main_benchmark_by_run.csv,igd,igd,31,8639344444513111910,5000,results/20260418_172554_benchmark_dascmop,DASCMOP4_difficulty1,SMSEMOA,0.0032013316691904,0.0031818697202437,0.0032290668733448,ok,median bootstrap CI; unsupported/missing/NaN values excluded
main_benchmark,tables\rebuilt_main_benchmark_by_run.csv,igd,igd,31,17125457718044876745,5000,results/20260418_172554_benchmark_dascmop,DASCMOP4_difficulty1,SPEA2,0.0029718965890407,0.0029364965662669,0.0029886334536251,ok,median bootstrap CI; unsupported/missing/NaN values excluded
main_benchmark,tables\rebuilt_main_benchmark_by_run.csv,igd,igd,31,8913740481949580158,5000,results/20260418_172554_benchmark_dascmop,DASCMOP4_difficulty13,MOEAD,0.0041261784789087,0.0041046694889914,0.0041595407226888,ok,median bootstrap CI; unsupported/missing/NaN values excluded
main_benchmark,tables\rebuilt_main_benchmark_by_run.csv,igd,igd,31,14602135209464935435,5000,results/20260418_172554_benchmark_dascmop,DASCMOP4_difficulty13,MOSADE,0.0071102624610462,0.0064286948481437,0.008546814824138,ok,median bootstrap CI; unsupported/missing/NaN values excluded
main_benchmark,tables\rebuilt_main_benchmark_by_run.csv,igd,igd,31,11623806875444180323,5000,results/20260418_172554_benchmark_dascmop,DASCMOP4_difficulty13,NSGA2,0.0048164050923664,0.0047542609921894,0.0048933147844395,ok,median bootstrap CI; unsupported/missing/NaN values excluded
main_benchmark,tables\rebuilt_main_benchmark_by_run.csv,igd,igd,31,10010880479051201565,5000,results/20260418_172554_benchmark_dascmop,DASCMOP4_difficulty13,NSGA3,0.0038103281114745,0.0038102609529854,0.0038103734220038,ok,median bootstrap CI; unsupported/missing/NaN values excluded
main_benchmark,tables\rebuilt_main_benchmark_by_run.csv,igd,igd,31,604500436772767552,5000,results/20260418_172554_benchmark_dascmop,DASCMOP4_difficulty13,SMSEMOA,0.0043960130459287,0.0043705366277852,0.0044482489195636,ok,median bootstrap CI; unsupported/missing/NaN values excluded
main_benchmark,tables\rebuilt_main_benchmark_by_run.csv,igd,igd,31,16261057808011556286,5000,results/20260418_172554_benchmark_dascmop,DASCMOP4_difficulty13,SPEA2,0.0043303345699437,0.0043067887975585,0.0043994398257768,ok,median bootstrap CI; unsupported/missing/NaN values excluded
main_benchmark,tables\rebuilt_main_benchmark_by_run.csv,igd,igd,31,5596170907203768783,5000,results/20260418_172554_benchmark_dascmop,DASCMOP4_difficulty7,MOEAD,0.116649687048526,0.1102036443865559,0.1188418611554813,ok,median bootstrap CI; unsupported/missing/NaN values excluded
main_benchmark,tables\rebuilt_main_benchmark_by_run.csv,igd,igd,31,4360159470922943854,5000,results/20260418_172554_benchmark_dascmop,DASCMOP4_difficulty7,MOSADE,0.0141289356377917,0.0038171873844626,0.0230945283411736,ok,median bootstrap CI; unsupported/missing/NaN values excluded
main_benchmark,tables\rebuilt_main_benchmark_by_run.csv,igd,igd,31,16141713282628692360,5000,results/20260418_172554_benchmark_dascmop,DASCMOP4_difficulty7,NSGA2,0.3628340444448721,0.346475415646255,0.3780267254264933,ok,median bootstrap CI; unsupported/missing/NaN values excluded
main_benchmark,tables\rebuilt_main_benchmark_by_run.csv,igd,igd,31,12092026397108809160,5000,results/20260418_172554_benchmark_dascmop,DASCMOP4_difficulty7,NSGA3,0.2465545792312027,0.2351605322316949,0.2604604750218985,ok,median bootstrap CI; unsupported/missing/NaN values excluded
main_benchmark,tables\rebuilt_main_benchmark_by_run.csv,igd,igd,31,15973515761301495556,5000,results/20260418_172554_benchmark_dascmop,DASCMOP4_difficulty7,SMSEMOA,0.2947822767665166,0.2670576206641802,0.3200470202924483,ok,median bootstrap CI; unsupported/missing/NaN values excluded
main_benchmark,tables\rebuilt_main_benchmark_by_run.csv,igd,igd,31,5618250205263479564,5000,results/20260418_172554_benchmark_dascmop,DASCMOP4_difficulty7,SPEA2,0.0029310900791968,0.0028725462531745,0.003083947374249,ok,median bootstrap CI; unsupported/missing/NaN values excluded
main_benchmark,tables\rebuilt_main_benchmark_by_run.csv,igd,igd,31,11404964708217902990,5000,results/20260418_172554_benchmark_dascmop,DASCMOP7_difficulty1,MOEAD,0.5123350543037045,0.4550728603477458,0.5763094695207699,ok,median bootstrap CI; unsupported/missing/NaN values excluded
main_benchmark,tables\rebuilt_main_benchmark_by_run.csv,igd,igd,31,476141699195243562,5000,results/20260418_172554_benchmark_dascmop,DASCMOP7_difficulty1,MOSADE,0.0303402217583765,0.0302109418733245,0.0307205644951794,ok,median bootstrap CI; unsupported/missing/NaN values excluded
main_benchmark,tables\rebuilt_main_benchmark_by_run.csv,igd,igd,31,4441412060483654214,5000,results/20260418_172554_benchmark_dascmop,DASCMOP7_difficulty1,NSGA2,0.8691150223891084,0.8059039462922862,0.9086899691157708,ok,median bootstrap CI; unsupported/missing/NaN values excluded
main_benchmark,tables\rebuilt_main_benchmark_by_run.csv,igd,igd,31,15514839081801026863,5000,results/20260418_172554_benchmark_dascmop,DASCMOP7_difficulty1,NSGA3,0.0392954871355118,0.0392439604011784,0.0393221815737751,ok,median bootstrap CI; unsupported/missing/NaN values excluded
main_benchmark,tables\rebuilt_main_benchmark_by_run.csv,igd,igd,31,919610113012390879,5000,results/20260418_172554_benchmark_dascmop,DASCMOP7_difficulty1,SMSEMOA,0.0354575210057262,0.0351850253909645,0.0357133638168521,ok,median bootstrap CI; unsupported/missing/NaN values excluded
main_benchmark,tables\rebuilt_main_benchmark_by_run.csv,igd,igd,31,2937779728929733725,5000,results/20260418_172554_benchmark_dascmop,DASCMOP7_difficulty1,SPEA2,0.037085856483475,0.0360718661577311,0.0385168788932106,ok,median bootstrap CI; unsupported/missing/NaN values excluded
main_benchmark,tables\rebuilt_main_benchmark_by_run.csv,igd,igd,31,1138659492170142948,5000,results/20260418_172554_benchmark_dascmop,DASCMOP7_difficulty13,MOEAD,0.0563912098469605,0.0556544980619623,0.0569069874534659,ok,median bootstrap CI; unsupported/missing/NaN values excluded
main_benchmark,tables\rebuilt_main_benchmark_by_run.csv,igd,igd,31,17334188676740646297,5000,results/20260418_172554_benchmark_dascmop,DASCMOP7_difficulty13,MOSADE,0.0661833242653966,0.0623154705662794,0.0723300793993008,ok,median bootstrap CI; unsupported/missing/NaN values excluded
main_benchmark,tables\rebuilt_main_benchmark_by_run.csv,igd,igd,31,15574568928413584333,5000,results/20260418_172554_benchmark_dascmop,DASCMOP7_difficulty13,NSGA2,0.0747866308382773,0.072375618041715,0.0766809856875505,ok,median bootstrap CI; unsupported/missing/NaN values excluded
main_benchmark,tables\rebuilt_main_benchmark_by_run.csv,igd,igd,31,2268572065437160447,5000,results/20260418_172554_benchmark_dascmop,DASCMOP7_difficulty13,NSGA3,0.0403270193775319,0.0403260634202413,0.0403272054235794,ok,median bootstrap CI; unsupported/missing/NaN values excluded
main_benchmark,tables\rebuilt_main_benchmark_by_run.csv,igd,igd,31,1435816149138075533,5000,results/20260418_172554_benchmark_dascmop,DASCMOP7_difficulty13,SMSEMOA,0.0382538510770524,0.038153364364769,0.0383170108052808,ok,median bootstrap CI; unsupported/missing/NaN values excluded
main_benchmark,tables\rebuilt_main_benchmark_by_run.csv,igd,igd,31,7457233966944789387,5000,results/20260418_172554_benchmark_dascmop,DASCMOP7_difficulty13,SPEA2,0.0410983483231946,0.0401255612873582,0.0428908524121715,ok,median bootstrap CI; unsupported/missing/NaN values excluded
main_benchmark,tables\rebuilt_main_benchmark_by_run.csv,igd,igd,31,12502931826714216264,5000,results/20260418_172554_benchmark_dascmop,DASCMOP7_difficulty7,MOEAD,0.3716304650643362,0.3424799027390497,0.4024617346891995,ok,median bootstrap CI; unsupported/missing/NaN values excluded
main_benchmark,tables\rebuilt_main_benchmark_by_run.csv,igd,igd,31,15907901553456590266,5000,results/20260418_172554_benchmark_dascmop,DASCMOP7_difficulty7,MOSADE,0.0323345028880773,0.0317638227061274,0.0326067020680379,ok,median bootstrap CI; unsupported/missing/NaN values excluded
main_benchmark,tables\rebuilt_main_benchmark_by_run.csv,igd,igd,31,4843595938031261494,5000,results/20260418_172554_benchmark_dascmop,DASCMOP7_difficulty7,NSGA2,0.8034816701922881,0.7411626525145132,0.8664519244918234,ok,median bootstrap CI; unsupported/missing/NaN values excluded
main_benchmark,tables\rebuilt_main_benchmark_by_run.csv,igd,igd,31,8838220246399385119,5000,results/20260418_172554_benchmark_dascmop,DASCMOP7_difficulty7,NSGA3,0.0405825097429313,0.0405688501054218,0.0405885002785871,ok,median bootstrap CI; unsupported/missing/NaN values excluded
main_benchmark,tables\rebuilt_main_benchmark_by_run.csv,igd,igd,31,9421623370801459633,5000,results/20260418_172554_benchmark_dascmop,DASCMOP7_difficulty7,SMSEMOA,0.0477557852515646,0.0473325985334916,0.0478871382706883,ok,median bootstrap CI; unsupported/missing/NaN values excluded
main_benchmark,tables\rebuilt_main_benchmark_by_run.csv,igd,igd,31,2568966033715101379,5000,results/20260418_172554_benchmark_dascmop,DASCMOP7_difficulty7,SPEA2,0.0387435987736017,0.0386272529701055,0.0391267897502123,ok,median bootstrap CI; unsupported/missing/NaN values excluded
main_benchmark,tables\rebuilt_main_benchmark_by_run.csv,igd,igd,31,17267836556547626623,5000,results/20260419_103648_benchmark_dtlz_3obj,DTLZ1_n_obj3,MOEAD,0.0298986464882733,0.0298914727342938,0.0299134882628571,ok,median bootstrap CI; unsupported/missing/NaN values excluded
main_benchmark,tables\rebuilt_main_benchmark_by_run.csv,igd,igd,31,11485041014850351699,5000,results/20260419_103648_benchmark_dtlz_3obj,DTLZ1_n_obj3,MOEAD_DE,0.0185692081734899,0.0185666853329501,0.0185718015615613,ok,median bootstrap CI; unsupported/missing/NaN values excluded
main_benchmark,tables\rebuilt_main_benchmark_by_run.csv,igd,igd,31,462569141500323589,5000,results/20260419_103648_benchmark_dtlz_3obj,DTLZ1_n_obj3,MOSADE,0.0176973165831868,0.0173007887315109,0.0183778721431508,ok,median bootstrap CI; unsupported/missing/NaN values excluded
main_benchmark,tables\rebuilt_main_benchmark_by_run.csv,igd,igd,31,18325281689648280209,5000,results/20260419_103648_benchmark_dtlz_3obj,DTLZ1_n_obj3,NSGA2,0.4219468058948739,0.2629937753059313,0.5883947204464554,ok,median bootstrap CI; unsupported/missing/NaN values excluded
main_benchmark,tables\rebuilt_main_benchmark_by_run.csv,igd,igd,31,13462790419402527071,5000,results/20260419_103648_benchmark_dtlz_3obj,DTLZ1_n_obj3,NSGA3,0.0185599476426915,0.018559845939278,0.018559974076109,ok,median bootstrap CI; unsupported/missing/NaN values excluded
main_benchmark,tables\rebuilt_main_benchmark_by_run.csv,igd,igd,31,18063368893691057096,5000,results/20260419_103648_benchmark_dtlz_3obj,DTLZ1_n_obj3,SMSEMOA,0.019080600928488,0.0190421395172726,0.0191411836005537,ok,median bootstrap CI; unsupported/missing/NaN values excluded
main_benchmark,tables\rebuilt_main_benchmark_by_run.csv,igd,igd,31,10308959354734532929,5000,results/20260419_103648_benchmark_dtlz_3obj,DTLZ1_n_obj3,SPEA2,0.0206648823528007,0.0204255177228858,0.0207383652844803,ok,median bootstrap CI; unsupported/missing/NaN values excluded
main_benchmark,tables\rebuilt_main_benchmark_by_run.csv,igd,igd,31,8289705486239881804,5000,results/20260419_103648_benchmark_dtlz_3obj,DTLZ2_n_obj3,MOEAD,0.0758077796739337,0.0757216296344359,0.0759188908827971,ok,median bootstrap CI; unsupported/missing/NaN values excluded
main_benchmark,tables\rebuilt_main_benchmark_by_run.csv,igd,igd,31,8466684141457478419,5000,results/20260419_103648_benchmark_dtlz_3obj,DTLZ2_n_obj3,MOEAD_DE,0.0529534745465561,0.052474885173538,0.0533482625767498,ok,median bootstrap CI; unsupported/missing/NaN values excluded
main_benchmark,tables\rebuilt_main_benchmark_by_run.csv,igd,igd,31,3343897540048857074,5000,results/20260419_103648_benchmark_dtlz_3obj,DTLZ2_n_obj3,MOSADE,0.0462046691843118,0.0455813990071918,0.046924698754315,ok,median bootstrap CI; unsupported/missing/NaN values excluded
main_benchmark,tables\rebuilt_main_benchmark_by_run.csv,igd,igd,31,463285141327069074,5000,results/20260419_103648_benchmark_dtlz_3obj,DTLZ2_n_obj3,NSGA2,0.100053352937423,0.096727276381958,0.1039521772546406,ok,median bootstrap CI; unsupported/missing/NaN values excluded
main_benchmark,tables\rebuilt_main_benchmark_by_run.csv,igd,igd,31,13259951800034791950,5000,results/20260419_103648_benchmark_dtlz_3obj,DTLZ2_n_obj3,NSGA3,0.0483364363252104,0.0483343000264725,0.0483386808427386,ok,median bootstrap CI; unsupported/missing/NaN values excluded
main_benchmark,tables\rebuilt_main_benchmark_by_run.csv,igd,igd,31,12927213520839323942,5000,results/20260419_103648_benchmark_dtlz_3obj,DTLZ2_n_obj3,SMSEMOA,0.0646508230014785,0.0642348246309454,0.0648621183024998,ok,median bootstrap CI; unsupported/missing/NaN values excluded
main_benchmark,tables\rebuilt_main_benchmark_by_run.csv,igd,igd,31,17127206429853111282,5000,results/20260419_103648_benchmark_dtlz_3obj,DTLZ2_n_obj3,SPEA2,0.0570433522802387,0.0568115979872782,0.0582727975381265,ok,median bootstrap CI; unsupported/missing/NaN values excluded
main_benchmark,tables\rebuilt_main_benchmark_by_run.csv,igd,igd,31,13593869471881091995,5000,results/20260419_103648_benchmark_dtlz_3obj,DTLZ3_n_obj3,MOEAD,0.0755103439493387,0.0754108916255331,0.075639573380537,ok,median bootstrap CI; unsupported/missing/NaN values excluded
main_benchmark,tables\rebuilt_main_benchmark_by_run.csv,igd,igd,31,6079193902243792136,5000,results/20260419_103648_benchmark_dtlz_3obj,DTLZ3_n_obj3,MOEAD_DE,0.0650898819278442,0.0615689974503065,0.0673619161833306,ok,median bootstrap CI; unsupported/missing/NaN values excluded
main_benchmark,tables\rebuilt_main_benchmark_by_run.csv,igd,igd,31,8110126959728997884,5000,results/20260419_103648_benchmark_dtlz_3obj,DTLZ3_n_obj3,MOSADE,0.0465069784345962,0.0461960836284173,0.0471763713906119,ok,median bootstrap CI; unsupported/missing/NaN values excluded
main_benchmark,tables\rebuilt_main_benchmark_by_run.csv,igd,igd,31,10760666737403553160,5000,results/20260419_103648_benchmark_dtlz_3obj,DTLZ3_n_obj3,NSGA2,7.975685870586606,6.569618204974174,9.411592803228226,ok,median bootstrap CI; unsupported/missing/NaN values excluded
main_benchmark,tables\rebuilt_main_benchmark_by_run.csv,igd,igd,31,309429550947530086,5000,results/20260419_103648_benchmark_dtlz_3obj,DTLZ3_n_obj3,NSGA3,0.0483453007005632,0.048339895569102,0.0483512785831601,ok,median bootstrap CI; unsupported/missing/NaN values excluded
main_benchmark,tables\rebuilt_main_benchmark_by_run.csv,igd,igd,31,18074663542781988924,5000,results/20260419_103648_benchmark_dtlz_3obj,DTLZ3_n_obj3,SMSEMOA,0.0645666268814231,0.0642133905029983,0.0651229294936968,ok,median bootstrap CI; unsupported/missing/NaN values excluded
main_benchmark,tables\rebuilt_main_benchmark_by_run.csv,igd,igd,31,8702475710588018590,5000,results/20260419_103648_benchmark_dtlz_3obj,DTLZ3_n_obj3,SPEA2,0.0553346420586301,0.0547389664092395,0.0559398361655485,ok,median bootstrap CI; unsupported/missing/NaN values excluded
main_benchmark,tables\rebuilt_main_benchmark_by_run.csv,igd,igd,31,12448652422301036549,5000,results/20260419_103648_benchmark_dtlz_3obj,DTLZ4_n_obj3,MOEAD,0.0743954762622048,0.0737163819218554,0.0748429999305084,ok,median bootstrap CI; unsupported/missing/NaN values excluded
main_benchmark,tables\rebuilt_main_benchmark_by_run.csv,igd,igd,31,4716788437007848988,5000,results/20260419_103648_benchmark_dtlz_3obj,DTLZ4_n_obj3,MOEAD_DE,0.0544523635460828,0.0535737378546405,0.2346551226586541,ok,median bootstrap CI; unsupported/missing/NaN values excluded
main_benchmark,tables\rebuilt_main_benchmark_by_run.csv,igd,igd,31,10329299831671279986,5000,results/20260419_103648_benchmark_dtlz_3obj,DTLZ4_n_obj3,MOSADE,0.0478430964979543,0.0471930545831019,0.0483207846421,ok,median bootstrap CI; unsupported/missing/NaN values excluded
main_benchmark,tables\rebuilt_main_benchmark_by_run.csv,igd,igd,31,6255142609718847233,5000,results/20260419_103648_benchmark_dtlz_3obj,DTLZ4_n_obj3,NSGA2,0.0792123125455659,0.0773819909865438,0.0805314312692342,ok,median bootstrap CI; unsupported/missing/NaN values excluded
main_benchmark,tables\rebuilt_main_benchmark_by_run.csv,igd,igd,31,111024768336449958,5000,results/20260419_103648_benchmark_dtlz_3obj,DTLZ4_n_obj3,NSGA3,0.0483377913595817,0.0483362384678426,0.0483494136853022,ok,median bootstrap CI; unsupported/missing/NaN values excluded
main_benchmark,tables\rebuilt_main_benchmark_by_run.csv,igd,igd,31,2417693194129510352,5000,results/20260419_103648_benchmark_dtlz_3obj,DTLZ4_n_obj3,SMSEMOA,0.065453095994295,0.0649730387240277,0.067497524467656,ok,median bootstrap CI; unsupported/missing/NaN values excluded
main_benchmark,tables\rebuilt_main_benchmark_by_run.csv,igd,igd,31,1969791910267208760,5000,results/20260419_103648_benchmark_dtlz_3obj,DTLZ4_n_obj3,SPEA2,0.0565127292068276,0.0555429026932376,0.057078535299071,ok,median bootstrap CI; unsupported/missing/NaN values excluded
