result_dir,problem,algorithm,seed,run_dir,status,status_reason,n_evals,n_solutions,n_feasible_final,feasibility_ratio,pf_source,hv,igd,igd_plus,gd,spread,time_s
results/20260425_161424_benchmark_realworld_cre_2obj,CRE21,MOEAD,2684470948,results/20260425_161424_benchmark_realworld_cre_2obj/CRE21/MOEAD/run_000,ok,,30000,8,8,1.0,final_population_feasible_nondominated,781504.461784511,nan,nan,nan,1.7142857142857144,4.729008700000122
results/20260425_161424_benchmark_realworld_cre_2obj,CRE21,MOEAD,4091952314,results/20260425_161424_benchmark_realworld_cre_2obj/CRE21/MOEAD/run_001,ok,,30000,80,80,1.0,final_population_feasible_nondominated,784821.0785115156,nan,nan,nan,1.9746835443037978,5.050820099946577
results/20260425_161424_benchmark_realworld_cre_2obj,CRE21,MOEAD,233227757,results/20260425_161424_benchmark_realworld_cre_2obj/CRE21/MOEAD/run_002,ok,,30000,3,3,1.0,final_population_feasible_nondominated,784713.977480795,nan,nan,nan,1.0,5.019240499997977
results/20260425_161424_benchmark_realworld_cre_2obj,CRE21,MOEAD,3276785861,results/20260425_161424_benchmark_realworld_cre_2obj/CRE21/MOEAD/run_003,ok,,30000,100,100,1.0,final_population_feasible_nondominated,783876.9306184752,nan,nan,nan,1.9797979797979797,5.053533600002993
results/20260425_161424_benchmark_realworld_cre_2obj,CRE21,MOEAD,3644269654,results/20260425_161424_benchmark_realworld_cre_2obj/CRE21/MOEAD/run_004,ok,,30000,100,100,1.0,final_population_feasible_nondominated,776684.0730494949,nan,nan,nan,1.9797979790766664,4.916659200040158
results/20260425_161424_benchmark_realworld_cre_2obj,CRE21,MOEAD,1206282609,results/20260425_161424_benchmark_realworld_cre_2obj/CRE21/MOEAD/run_005,ok,,30000,100,100,1.0,final_population_feasible_nondominated,783722.2215052648,nan,nan,nan,1.9797979797979794,4.72232439997606
results/20260425_161424_benchmark_realworld_cre_2obj,CRE21,MOEAD,3543069911,results/20260425_161424_benchmark_realworld_cre_2obj/CRE21/MOEAD/run_006,ok,,30000,100,100,1.0,final_population_feasible_nondominated,777868.7558609846,nan,nan,nan,1.9797979797979797,4.500135899987072
results/20260425_161424_benchmark_realworld_cre_2obj,CRE21,MOEAD,3479688010,results/20260425_161424_benchmark_realworld_cre_2obj/CRE21/MOEAD/run_007,ok,,30000,100,100,1.0,final_population_feasible_nondominated,784824.660118028,nan,nan,nan,1.9797979797979788,4.890353800030425
results/20260425_161424_benchmark_realworld_cre_2obj,CRE21,MOEAD,877132087,results/20260425_161424_benchmark_realworld_cre_2obj/CRE21/MOEAD/run_008,ok,,30000,100,100,1.0,final_population_feasible_nondominated,781285.7356031319,nan,nan,nan,1.9797974796300792,5.4374308999977075
results/20260425_161424_benchmark_realworld_cre_2obj,CRE21,MOEAD,1244265337,results/20260425_161424_benchmark_realworld_cre_2obj/CRE21/MOEAD/run_009,ok,,30000,63,63,1.0,final_population_feasible_nondominated,784250.6397243723,nan,nan,nan,1.9677419354838677,5.127117900003213
results/20260425_161424_benchmark_realworld_cre_2obj,CRE21,MOEAD,2740186692,results/20260425_161424_benchmark_realworld_cre_2obj/CRE21/MOEAD/run_010,ok,,30000,9,9,1.0,final_population_feasible_nondominated,783206.3214946471,nan,nan,nan,1.75,5.365387799974997
results/20260425_161424_benchmark_realworld_cre_2obj,CRE21,MOEAD,3884972972,results/20260425_161424_benchmark_realworld_cre_2obj/CRE21/MOEAD/run_011,ok,,30000,2,2,1.0,final_population_feasible_nondominated,784466.2221738698,nan,nan,nan,0.0,5.6908248999970965
results/20260425_161424_benchmark_realworld_cre_2obj,CRE21,MOEAD,829139639,results/20260425_161424_benchmark_realworld_cre_2obj/CRE21/MOEAD/run_012,ok,,30000,7,7,1.0,final_population_feasible_nondominated,784525.3549362717,nan,nan,nan,1.666666666666667,5.845346799993422
results/20260425_161424_benchmark_realworld_cre_2obj,CRE21,MOEAD,2545567356,results/20260425_161424_benchmark_realworld_cre_2obj/CRE21/MOEAD/run_013,ok,,30000,17,17,1.0,final_population_feasible_nondominated,784171.5181923166,nan,nan,nan,1.875,5.427717000013217
results/20260425_161424_benchmark_realworld_cre_2obj,CRE21,MOEAD,2718398101,results/20260425_161424_benchmark_realworld_cre_2obj/CRE21/MOEAD/run_014,ok,,30000,5,5,1.0,final_population_feasible_nondominated,771964.5557663123,nan,nan,nan,1.5000000000000002,5.878694699960761
results/20260425_161424_benchmark_realworld_cre_2obj,CRE21,MOEAD,176092387,results/20260425_161424_benchmark_realworld_cre_2obj/CRE21/MOEAD/run_015,ok,,30000,7,7,1.0,final_population_feasible_nondominated,784822.2172646276,nan,nan,nan,1.6666666666666663,5.441940799995791
results/20260425_161424_benchmark_realworld_cre_2obj,CRE21,MOEAD,3528048386,results/20260425_161424_benchmark_realworld_cre_2obj/CRE21/MOEAD/run_016,ok,,30000,100,100,1.0,final_population_feasible_nondominated,784195.5017594856,nan,nan,nan,1.97979797979798,5.21926700003678
results/20260425_161424_benchmark_realworld_cre_2obj,CRE21,MOEAD,569531098,results/20260425_161424_benchmark_realworld_cre_2obj/CRE21/MOEAD/run_017,ok,,30000,18,18,1.0,final_population_feasible_nondominated,782989.8602472614,nan,nan,nan,1.8823529411764706,4.981195599946659
results/20260425_161424_benchmark_realworld_cre_2obj,CRE21,MOEAD,1337295874,results/20260425_161424_benchmark_realworld_cre_2obj/CRE21/MOEAD/run_018,ok,,30000,100,100,1.0,final_population_feasible_nondominated,778605.8210159398,nan,nan,nan,1.979797962906753,4.911429200030398
results/20260425_161424_benchmark_realworld_cre_2obj,CRE21,MOEAD,612016888,results/20260425_161424_benchmark_realworld_cre_2obj/CRE21/MOEAD/run_019,ok,,30000,4,4,1.0,final_population_feasible_nondominated,784339.3238931971,nan,nan,nan,1.3333333333333333,4.63793019996956
results/20260425_161424_benchmark_realworld_cre_2obj,CRE21,MOEAD,232150720,results/20260425_161424_benchmark_realworld_cre_2obj/CRE21/MOEAD/run_020,ok,,30000,100,100,1.0,final_population_feasible_nondominated,784007.3427443806,nan,nan,nan,1.9797979797979792,4.476051300007384
results/20260425_161424_benchmark_realworld_cre_2obj,CRE21,MOSADE,2684470948,results/20260425_161424_benchmark_realworld_cre_2obj/CRE21/MOSADE/run_000,ok,,30070,200,200,1.0,archive,778819.9808830128,nan,nan,nan,1.459218768523584,10.676583899999969
results/20260425_161424_benchmark_realworld_cre_2obj,CRE21,MOSADE,4091952314,results/20260425_161424_benchmark_realworld_cre_2obj/CRE21/MOSADE/run_001,ok,,30040,200,200,1.0,archive,777956.7432895234,nan,nan,nan,1.4076194099600776,14.516731800045818
results/20260425_161424_benchmark_realworld_cre_2obj,CRE21,MOSADE,233227757,results/20260425_161424_benchmark_realworld_cre_2obj/CRE21/MOSADE/run_002,ok,,30040,200,200,1.0,archive,777974.6316013945,nan,nan,nan,1.2310315450606208,19.036948500026483
results/20260425_161424_benchmark_realworld_cre_2obj,CRE21,MOSADE,3276785861,results/20260425_161424_benchmark_realworld_cre_2obj/CRE21/MOSADE/run_003,ok,,30050,200,200,1.0,archive,774249.3554110485,nan,nan,nan,1.3255421690600737,21.63989979994949
results/20260425_161424_benchmark_realworld_cre_2obj,CRE21,MOSADE,3644269654,results/20260425_161424_benchmark_realworld_cre_2obj/CRE21/MOSADE/run_004,ok,,30050,200,200,1.0,archive,774829.6505557033,nan,nan,nan,1.3051455544144241,13.751097200030927
results/20260425_161424_benchmark_realworld_cre_2obj,CRE21,MOSADE,1206282609,results/20260425_161424_benchmark_realworld_cre_2obj/CRE21/MOSADE/run_005,ok,,30140,200,200,1.0,archive,777567.9966671598,nan,nan,nan,1.2529435049799944,22.469032599998172
results/20260425_161424_benchmark_realworld_cre_2obj,CRE21,MOSADE,3543069911,results/20260425_161424_benchmark_realworld_cre_2obj/CRE21/MOSADE/run_006,ok,,30030,199,199,1.0,archive,774840.1436301343,nan,nan,nan,1.422285462374552,13.91421120002633
results/20260425_161424_benchmark_realworld_cre_2obj,CRE21,MOSADE,3479688010,results/20260425_161424_benchmark_realworld_cre_2obj/CRE21/MOSADE/run_007,ok,,30030,200,200,1.0,archive,768348.1943187925,nan,nan,nan,1.4863742526038979,16.578450099972542
results/20260425_161424_benchmark_realworld_cre_2obj,CRE21,MOSADE,877132087,results/20260425_161424_benchmark_realworld_cre_2obj/CRE21/MOSADE/run_008,ok,,30050,200,200,1.0,archive,782305.7240613096,nan,nan,nan,1.2657243465915475,21.72949160001008
results/20260425_161424_benchmark_realworld_cre_2obj,CRE21,MOSADE,1244265337,results/20260425_161424_benchmark_realworld_cre_2obj/CRE21/MOSADE/run_009,ok,,30080,200,200,1.0,archive,782088.884745855,nan,nan,nan,1.3368335905859312,14.291607299994212
results/20260425_161424_benchmark_realworld_cre_2obj,CRE21,MOSADE,2740186692,results/20260425_161424_benchmark_realworld_cre_2obj/CRE21/MOSADE/run_010,ok,,30030,200,200,1.0,archive,776899.8742461132,nan,nan,nan,1.4099022806960326,14.807528600038495
results/20260425_161424_benchmark_realworld_cre_2obj,CRE21,MOSADE,3884972972,results/20260425_161424_benchmark_realworld_cre_2obj/CRE21/MOSADE/run_011,ok,,30050,200,200,1.0,archive,775087.2845661994,nan,nan,nan,1.3245238216604,18.542179999989457
results/20260425_161424_benchmark_realworld_cre_2obj,CRE21,MOSADE,829139639,results/20260425_161424_benchmark_realworld_cre_2obj/CRE21/MOSADE/run_012,ok,,30030,200,200,1.0,archive,779322.860768214,nan,nan,nan,1.3557064749773848,20.35252259997651
results/20260425_161424_benchmark_realworld_cre_2obj,CRE21,MOSADE,2545567356,results/20260425_161424_benchmark_realworld_cre_2obj/CRE21/MOSADE/run_013,ok,,30060,200,200,1.0,archive,777679.1363442602,nan,nan,nan,1.3639491246371176,16.340354999992996
results/20260425_161424_benchmark_realworld_cre_2obj,CRE21,MOSADE,2718398101,results/20260425_161424_benchmark_realworld_cre_2obj/CRE21/MOSADE/run_014,ok,,30040,200,200,1.0,archive,783643.3336740759,nan,nan,nan,1.2240358441137764,22.05233400000725
results/20260425_161424_benchmark_realworld_cre_2obj,CRE21,MOSADE,176092387,results/20260425_161424_benchmark_realworld_cre_2obj/CRE21/MOSADE/run_015,ok,,30070,200,200,1.0,archive,777343.8948830783,nan,nan,nan,1.3205108563237937,16.288144399994053
results/20260425_161424_benchmark_realworld_cre_2obj,CRE21,MOSADE,3528048386,results/20260425_161424_benchmark_realworld_cre_2obj/CRE21/MOSADE/run_016,ok,,30040,200,200,1.0,archive,776956.406830167,nan,nan,nan,1.327097581732705,22.809296999999788
results/20260425_161424_benchmark_realworld_cre_2obj,CRE21,MOSADE,569531098,results/20260425_161424_benchmark_realworld_cre_2obj/CRE21/MOSADE/run_017,ok,,30030,200,200,1.0,archive,769084.6699706009,nan,nan,nan,1.361040339349782,19.83338939998066
results/20260425_161424_benchmark_realworld_cre_2obj,CRE21,MOSADE,1337295874,results/20260425_161424_benchmark_realworld_cre_2obj/CRE21/MOSADE/run_018,ok,,30040,200,200,1.0,archive,766520.8432812844,nan,nan,nan,1.3742537764992901,15.379593999998178
results/20260425_161424_benchmark_realworld_cre_2obj,CRE21,MOSADE,612016888,results/20260425_161424_benchmark_realworld_cre_2obj/CRE21/MOSADE/run_019,ok,,30030,200,200,1.0,archive,777086.7641526621,nan,nan,nan,1.3287318560549983,19.309576800034847
results/20260425_161424_benchmark_realworld_cre_2obj,CRE21,MOSADE,232150720,results/20260425_161424_benchmark_realworld_cre_2obj/CRE21/MOSADE/run_020,ok,,30030,200,200,1.0,archive,779837.3995976516,nan,nan,nan,1.4673239888821807,16.05756260000635
results/20260425_161424_benchmark_realworld_cre_2obj,CRE21,NSGA2,2684470948,results/20260425_161424_benchmark_realworld_cre_2obj/CRE21/NSGA2/run_000,ok,,30000,100,100,1.0,final_population_feasible_nondominated,776731.0174867256,nan,nan,nan,0.9489633592057403,49.79544870002428
results/20260425_161424_benchmark_realworld_cre_2obj,CRE21,NSGA2,4091952314,results/20260425_161424_benchmark_realworld_cre_2obj/CRE21/NSGA2/run_001,ok,,30000,100,100,1.0,final_population_feasible_nondominated,781266.9974165991,nan,nan,nan,0.878693248666096,49.27992329996778
results/20260425_161424_benchmark_realworld_cre_2obj,CRE21,NSGA2,233227757,results/20260425_161424_benchmark_realworld_cre_2obj/CRE21/NSGA2/run_002,ok,,30000,100,100,1.0,final_population_feasible_nondominated,781050.5128019472,nan,nan,nan,0.9333503673551671,49.12749869999243
results/20260425_161424_benchmark_realworld_cre_2obj,CRE21,NSGA2,3276785861,results/20260425_161424_benchmark_realworld_cre_2obj/CRE21/NSGA2/run_003,ok,,30000,100,100,1.0,final_population_feasible_nondominated,781425.5208481649,nan,nan,nan,0.9363980249060594,52.412826300016604
results/20260425_161424_benchmark_realworld_cre_2obj,CRE21,NSGA2,3644269654,results/20260425_161424_benchmark_realworld_cre_2obj/CRE21/NSGA2/run_004,ok,,30000,100,100,1.0,final_population_feasible_nondominated,783292.4108694276,nan,nan,nan,0.913715902176958,49.83340229996247
results/20260425_161424_benchmark_realworld_cre_2obj,CRE21,NSGA2,1206282609,results/20260425_161424_benchmark_realworld_cre_2obj/CRE21/NSGA2/run_005,ok,,30000,100,100,1.0,final_population_feasible_nondominated,784041.9073094842,nan,nan,nan,0.8643909249414171,52.48014780000085
results/20260425_161424_benchmark_realworld_cre_2obj,CRE21,NSGA2,3543069911,results/20260425_161424_benchmark_realworld_cre_2obj/CRE21/NSGA2/run_006,ok,,30000,100,100,1.0,final_population_feasible_nondominated,784710.8881736767,nan,nan,nan,0.9449781839531135,51.68486649997067
results/20260425_161424_benchmark_realworld_cre_2obj,CRE21,NSGA2,3479688010,results/20260425_161424_benchmark_realworld_cre_2obj/CRE21/NSGA2/run_007,ok,,30000,100,100,1.0,final_population_feasible_nondominated,776853.3397302526,nan,nan,nan,0.8716381500647752,48.819522899982985
results/20260425_161424_benchmark_realworld_cre_2obj,CRE21,NSGA2,877132087,results/20260425_161424_benchmark_realworld_cre_2obj/CRE21/NSGA2/run_008,ok,,30000,100,100,1.0,final_population_feasible_nondominated,781991.2456428331,nan,nan,nan,0.8318522288067356,53.460547900001984
results/20260425_161424_benchmark_realworld_cre_2obj,CRE21,NSGA2,1244265337,results/20260425_161424_benchmark_realworld_cre_2obj/CRE21/NSGA2/run_009,ok,,30000,100,100,1.0,final_population_feasible_nondominated,782030.9681636358,nan,nan,nan,0.8386492555559548,53.01458850002382
results/20260425_161424_benchmark_realworld_cre_2obj,CRE21,NSGA2,2740186692,results/20260425_161424_benchmark_realworld_cre_2obj/CRE21/NSGA2/run_010,ok,,30000,100,100,1.0,final_population_feasible_nondominated,783913.2337576488,nan,nan,nan,0.87807278658566,50.2750935999793
results/20260425_161424_benchmark_realworld_cre_2obj,CRE21,NSGA2,3884972972,results/20260425_161424_benchmark_realworld_cre_2obj/CRE21/NSGA2/run_011,ok,,30000,100,100,1.0,final_population_feasible_nondominated,780257.2067860108,nan,nan,nan,0.907652311939138,50.745350099983625
results/20260425_161424_benchmark_realworld_cre_2obj,CRE21,NSGA2,829139639,results/20260425_161424_benchmark_realworld_cre_2obj/CRE21/NSGA2/run_012,ok,,30000,100,100,1.0,final_population_feasible_nondominated,781051.7749071452,nan,nan,nan,0.8898391078859235,50.37244659999851
results/20260425_161424_benchmark_realworld_cre_2obj,CRE21,NSGA2,2545567356,results/20260425_161424_benchmark_realworld_cre_2obj/CRE21/NSGA2/run_013,ok,,30000,100,100,1.0,final_population_feasible_nondominated,784037.3893435851,nan,nan,nan,0.9410659578665598,49.698982700007036
results/20260425_161424_benchmark_realworld_cre_2obj,CRE21,NSGA2,2718398101,results/20260425_161424_benchmark_realworld_cre_2obj/CRE21/NSGA2/run_014,ok,,30000,100,100,1.0,final_population_feasible_nondominated,782264.7033624891,nan,nan,nan,0.8411041148410683,50.15021520003211
results/20260425_161424_benchmark_realworld_cre_2obj,CRE21,NSGA2,176092387,results/20260425_161424_benchmark_realworld_cre_2obj/CRE21/NSGA2/run_015,ok,,30000,100,100,1.0,final_population_feasible_nondominated,781821.7838305528,nan,nan,nan,0.9615685137616203,50.30731550004566
results/20260425_161424_benchmark_realworld_cre_2obj,CRE21,NSGA2,3528048386,results/20260425_161424_benchmark_realworld_cre_2obj/CRE21/NSGA2/run_016,ok,,30000,100,100,1.0,final_population_feasible_nondominated,783253.0520480192,nan,nan,nan,0.9306520114186646,39.62936449999688
results/20260425_161424_benchmark_realworld_cre_2obj,CRE21,NSGA2,569531098,results/20260425_161424_benchmark_realworld_cre_2obj/CRE21/NSGA2/run_017,ok,,30000,100,100,1.0,final_population_feasible_nondominated,783964.8623659654,nan,nan,nan,0.7932890863309003,38.90095709997695
results/20260425_161424_benchmark_realworld_cre_2obj,CRE21,NSGA2,1337295874,results/20260425_161424_benchmark_realworld_cre_2obj/CRE21/NSGA2/run_018,ok,,30000,100,100,1.0,final_population_feasible_nondominated,784089.5287702872,nan,nan,nan,0.8265828821119997,39.22339350002585
results/20260425_161424_benchmark_realworld_cre_2obj,CRE21,NSGA2,612016888,results/20260425_161424_benchmark_realworld_cre_2obj/CRE21/NSGA2/run_019,ok,,30000,100,100,1.0,final_population_feasible_nondominated,782560.9432444582,nan,nan,nan,0.8580572889793637,38.09539209998911
results/20260425_161424_benchmark_realworld_cre_2obj,CRE21,NSGA2,232150720,results/20260425_161424_benchmark_realworld_cre_2obj/CRE21/NSGA2/run_020,ok,,30000,100,100,1.0,final_population_feasible_nondominated,781897.7649409644,nan,nan,nan,0.8798427289254847,40.276532599993516
results/20260425_161424_benchmark_realworld_cre_2obj,CRE22,MOEAD,2684470948,results/20260425_161424_benchmark_realworld_cre_2obj/CRE22/MOEAD/run_000,ok,,30000,100,100,1.0,final_population_feasible_nondominated,1845562.8252582764,nan,nan,nan,1.97979797979798,6.3883623000001535
results/20260425_161424_benchmark_realworld_cre_2obj,CRE22,MOEAD,4091952314,results/20260425_161424_benchmark_realworld_cre_2obj/CRE22/MOEAD/run_001,ok,,30000,100,100,1.0,final_population_feasible_nondominated,1845302.9911713116,nan,nan,nan,1.9747246158304455,6.430770399980247
results/20260425_161424_benchmark_realworld_cre_2obj,CRE22,MOEAD,233227757,results/20260425_161424_benchmark_realworld_cre_2obj/CRE22/MOEAD/run_002,ok,,30000,100,100,1.0,final_population_feasible_nondominated,1845564.1235696522,nan,nan,nan,1.976084168373402,6.379913500044495
results/20260425_161424_benchmark_realworld_cre_2obj,CRE22,MOEAD,3276785861,results/20260425_161424_benchmark_realworld_cre_2obj/CRE22/MOEAD/run_003,ok,,30000,100,100,1.0,final_population_feasible_nondominated,1840474.649673561,nan,nan,nan,1.9797979797979797,6.270783799991477
results/20260425_161424_benchmark_realworld_cre_2obj,CRE22,MOEAD,3644269654,results/20260425_161424_benchmark_realworld_cre_2obj/CRE22/MOEAD/run_004,ok,,30000,14,14,1.0,final_population_feasible_nondominated,1845584.7720542313,nan,nan,nan,1.8391798665893964,6.4128306999919005
results/20260425_161424_benchmark_realworld_cre_2obj,CRE22,MOEAD,1206282609,results/20260425_161424_benchmark_realworld_cre_2obj/CRE22/MOEAD/run_005,ok,,30000,100,100,1.0,final_population_feasible_nondominated,1841420.771947534,nan,nan,nan,1.979797964702411,6.330020199995488
results/20260425_161424_benchmark_realworld_cre_2obj,CRE22,MOEAD,3543069911,results/20260425_161424_benchmark_realworld_cre_2obj/CRE22/MOEAD/run_006,ok,,30000,100,100,1.0,final_population_feasible_nondominated,1845495.3412057946,nan,nan,nan,1.9794692573914685,6.161300499981735
results/20260425_161424_benchmark_realworld_cre_2obj,CRE22,MOEAD,3479688010,results/20260425_161424_benchmark_realworld_cre_2obj/CRE22/MOEAD/run_007,ok,,30000,15,15,1.0,final_population_feasible_nondominated,1845566.173465578,nan,nan,nan,1.8545284180876411,6.207436600001529
results/20260425_161424_benchmark_realworld_cre_2obj,CRE22,MOEAD,877132087,results/20260425_161424_benchmark_realworld_cre_2obj/CRE22/MOEAD/run_008,ok,,30000,100,100,1.0,final_population_feasible_nondominated,1842245.2345026038,nan,nan,nan,1.9795292698529265,8.16289749997668
results/20260425_161424_benchmark_realworld_cre_2obj,CRE22,MOEAD,1244265337,results/20260425_161424_benchmark_realworld_cre_2obj/CRE22/MOEAD/run_009,ok,,30000,15,15,1.0,final_population_feasible_nondominated,1845535.0317695648,nan,nan,nan,1.851223625345395,8.158763500046916
results/20260425_161424_benchmark_realworld_cre_2obj,CRE22,MOEAD,2740186692,results/20260425_161424_benchmark_realworld_cre_2obj/CRE22/MOEAD/run_010,ok,,30000,100,100,1.0,final_population_feasible_nondominated,1845570.0924430245,nan,nan,nan,1.9743994868165111,8.366898900014348
results/20260425_161424_benchmark_realworld_cre_2obj,CRE22,MOEAD,3884972972,results/20260425_161424_benchmark_realworld_cre_2obj/CRE22/MOEAD/run_011,ok,,30000,100,100,1.0,final_population_feasible_nondominated,1845408.6758389806,nan,nan,nan,1.97979797979798,8.352606200031005
results/20260425_161424_benchmark_realworld_cre_2obj,CRE22,MOEAD,829139639,results/20260425_161424_benchmark_realworld_cre_2obj/CRE22/MOEAD/run_012,ok,,30000,30,30,1.0,final_population_feasible_nondominated,1845561.905707719,nan,nan,nan,1.9192184234576906,8.048291600018274
results/20260425_161424_benchmark_realworld_cre_2obj,CRE22,MOEAD,2545567356,results/20260425_161424_benchmark_realworld_cre_2obj/CRE22/MOEAD/run_013,ok,,30000,100,100,1.0,final_population_feasible_nondominated,1841296.9895829086,nan,nan,nan,1.9790450561549258,8.281345800030977
results/20260425_161424_benchmark_realworld_cre_2obj,CRE22,MOEAD,2718398101,results/20260425_161424_benchmark_realworld_cre_2obj/CRE22/MOEAD/run_014,ok,,30000,100,100,1.0,final_population_feasible_nondominated,1845470.5701885552,nan,nan,nan,1.9725857583115314,8.103631599980872
results/20260425_161424_benchmark_realworld_cre_2obj,CRE22,MOEAD,176092387,results/20260425_161424_benchmark_realworld_cre_2obj/CRE22/MOEAD/run_015,ok,,30000,46,46,1.0,final_population_feasible_nondominated,1845543.7977923993,nan,nan,nan,1.9542362739090386,8.093799999973271
results/20260425_161424_benchmark_realworld_cre_2obj,CRE22,MOEAD,3528048386,results/20260425_161424_benchmark_realworld_cre_2obj/CRE22/MOEAD/run_016,ok,,30000,100,100,1.0,final_population_feasible_nondominated,1845393.6103661908,nan,nan,nan,1.9722941397250098,6.140322400024161
results/20260425_161424_benchmark_realworld_cre_2obj,CRE22,MOEAD,569531098,results/20260425_161424_benchmark_realworld_cre_2obj/CRE22/MOEAD/run_017,ok,,30000,100,100,1.0,final_population_feasible_nondominated,1844068.6921232466,nan,nan,nan,1.9757991527755068,6.0403479999513365
results/20260425_161424_benchmark_realworld_cre_2obj,CRE22,MOEAD,1337295874,results/20260425_161424_benchmark_realworld_cre_2obj/CRE22/MOEAD/run_018,ok,,30000,100,100,1.0,final_population_feasible_nondominated,1845550.7264420323,nan,nan,nan,1.968056032927482,6.152829899976496
results/20260425_161424_benchmark_realworld_cre_2obj,CRE22,MOEAD,612016888,results/20260425_161424_benchmark_realworld_cre_2obj/CRE22/MOEAD/run_019,ok,,30000,14,14,1.0,final_population_feasible_nondominated,1845465.1266104751,nan,nan,nan,1.8371177300413928,5.810167599993292
results/20260425_161424_benchmark_realworld_cre_2obj,CRE22,MOEAD,232150720,results/20260425_161424_benchmark_realworld_cre_2obj/CRE22/MOEAD/run_020,ok,,30000,100,100,1.0,final_population_feasible_nondominated,1845454.0924922465,nan,nan,nan,1.9797978764136837,5.986494499957189
results/20260425_161424_benchmark_realworld_cre_2obj,CRE22,MOSADE,2684470948,results/20260425_161424_benchmark_realworld_cre_2obj/CRE22/MOSADE/run_000,ok,,30010,38,38,1.0,archive,1842330.146291912,nan,nan,nan,1.2447979214969742,13.125624099979177
results/20260425_161424_benchmark_realworld_cre_2obj,CRE22,MOSADE,4091952314,results/20260425_161424_benchmark_realworld_cre_2obj/CRE22/MOSADE/run_001,ok,,30010,46,46,1.0,archive,1843800.225059131,nan,nan,nan,1.1038624856379071,15.38117989996681
results/20260425_161424_benchmark_realworld_cre_2obj,CRE22,MOSADE,233227757,results/20260425_161424_benchmark_realworld_cre_2obj/CRE22/MOSADE/run_002,ok,,30010,50,50,1.0,archive,1843838.8299630422,nan,nan,nan,1.283808979780846,13.89963809994515
results/20260425_161424_benchmark_realworld_cre_2obj,CRE22,MOSADE,3276785861,results/20260425_161424_benchmark_realworld_cre_2obj/CRE22/MOSADE/run_003,ok,,30010,48,48,1.0,archive,1841868.7864823523,nan,nan,nan,0.9803223045729766,12.330510800005868
results/20260425_161424_benchmark_realworld_cre_2obj,CRE22,MOSADE,3644269654,results/20260425_161424_benchmark_realworld_cre_2obj/CRE22/MOSADE/run_004,ok,,30010,40,40,1.0,archive,1841119.515459854,nan,nan,nan,0.8881651934899799,10.17859819997102
results/20260425_161424_benchmark_realworld_cre_2obj,CRE22,MOSADE,1206282609,results/20260425_161424_benchmark_realworld_cre_2obj/CRE22/MOSADE/run_005,ok,,30010,48,48,1.0,archive,1843632.450052743,nan,nan,nan,1.3802398060786334,15.317281299969181
results/20260425_161424_benchmark_realworld_cre_2obj,CRE22,MOSADE,3543069911,results/20260425_161424_benchmark_realworld_cre_2obj/CRE22/MOSADE/run_006,ok,,30010,43,43,1.0,archive,1844523.592060739,nan,nan,nan,1.3771409175279616,13.13141520001227
results/20260425_161424_benchmark_realworld_cre_2obj,CRE22,MOSADE,3479688010,results/20260425_161424_benchmark_realworld_cre_2obj/CRE22/MOSADE/run_007,ok,,30010,40,40,1.0,archive,1842663.0076586828,nan,nan,nan,1.0925025996762905,10.76726970000891
results/20260425_161424_benchmark_realworld_cre_2obj,CRE22,MOSADE,877132087,results/20260425_161424_benchmark_realworld_cre_2obj/CRE22/MOSADE/run_008,ok,,30010,45,45,1.0,archive,1844656.3657693684,nan,nan,nan,0.8520235493627734,16.013036099961028
results/20260425_161424_benchmark_realworld_cre_2obj,CRE22,MOSADE,1244265337,results/20260425_161424_benchmark_realworld_cre_2obj/CRE22/MOSADE/run_009,ok,,30010,41,41,1.0,archive,1843007.8627884916,nan,nan,nan,0.8017971654115157,13.422328200016636
results/20260425_161424_benchmark_realworld_cre_2obj,CRE22,MOSADE,2740186692,results/20260425_161424_benchmark_realworld_cre_2obj/CRE22/MOSADE/run_010,ok,,30010,42,42,1.0,archive,1843798.9439767408,nan,nan,nan,1.4130854632000382,13.757444599992596
results/20260425_161424_benchmark_realworld_cre_2obj,CRE22,MOSADE,3884972972,results/20260425_161424_benchmark_realworld_cre_2obj/CRE22/MOSADE/run_011,ok,,30010,39,39,1.0,archive,1844079.1902026695,nan,nan,nan,0.8551141746748618,14.369310599984601
results/20260425_161424_benchmark_realworld_cre_2obj,CRE22,MOSADE,829139639,results/20260425_161424_benchmark_realworld_cre_2obj/CRE22/MOSADE/run_012,ok,,30010,42,42,1.0,archive,1843874.9205617374,nan,nan,nan,1.55104764150051,13.265193299972452
results/20260425_161424_benchmark_realworld_cre_2obj,CRE22,MOSADE,2545567356,results/20260425_161424_benchmark_realworld_cre_2obj/CRE22/MOSADE/run_013,ok,,30010,38,38,1.0,archive,1842184.1172086883,nan,nan,nan,1.339378800120891,12.847954299999401
results/20260425_161424_benchmark_realworld_cre_2obj,CRE22,MOSADE,2718398101,results/20260425_161424_benchmark_realworld_cre_2obj/CRE22/MOSADE/run_014,ok,,30010,44,44,1.0,archive,1843957.0816784925,nan,nan,nan,0.8192570678125545,12.73338779999176
results/20260425_161424_benchmark_realworld_cre_2obj,CRE22,MOSADE,176092387,results/20260425_161424_benchmark_realworld_cre_2obj/CRE22/MOSADE/run_015,ok,,30010,46,46,1.0,archive,1843823.0518866451,nan,nan,nan,1.2837770946459,15.637804400001187
results/20260425_161424_benchmark_realworld_cre_2obj,CRE22,MOSADE,3528048386,results/20260425_161424_benchmark_realworld_cre_2obj/CRE22/MOSADE/run_016,ok,,30010,36,36,1.0,archive,1842429.448289262,nan,nan,nan,0.9075597940925061,9.154384900000878
results/20260425_161424_benchmark_realworld_cre_2obj,CRE22,MOSADE,569531098,results/20260425_161424_benchmark_realworld_cre_2obj/CRE22/MOSADE/run_017,ok,,30010,47,47,1.0,archive,1845087.8504262418,nan,nan,nan,1.1535022595741922,10.983572600001935
results/20260425_161424_benchmark_realworld_cre_2obj,CRE22,MOSADE,1337295874,results/20260425_161424_benchmark_realworld_cre_2obj/CRE22/MOSADE/run_018,ok,,30120,50,50,1.0,archive,1842723.8714425452,nan,nan,nan,1.0403730255761994,11.897803400002886
results/20260425_161424_benchmark_realworld_cre_2obj,CRE22,MOSADE,612016888,results/20260425_161424_benchmark_realworld_cre_2obj/CRE22/MOSADE/run_019,ok,,30010,46,46,1.0,archive,1843972.563058635,nan,nan,nan,1.308888985350269,10.791603500023484
results/20260425_161424_benchmark_realworld_cre_2obj,CRE22,MOSADE,232150720,results/20260425_161424_benchmark_realworld_cre_2obj/CRE22/MOSADE/run_020,ok,,30020,45,45,1.0,archive,1843578.6223801242,nan,nan,nan,1.058373779823087,10.117572999966796
results/20260425_161424_benchmark_realworld_cre_2obj,CRE22,NSGA2,2684470948,results/20260425_161424_benchmark_realworld_cre_2obj/CRE22/NSGA2/run_000,ok,,30000,100,100,1.0,final_population_feasible_nondominated,1845114.8242736156,nan,nan,nan,0.805076923975835,60.47311899997294
results/20260425_161424_benchmark_realworld_cre_2obj,CRE22,NSGA2,4091952314,results/20260425_161424_benchmark_realworld_cre_2obj/CRE22/NSGA2/run_001,ok,,30000,100,100,1.0,final_population_feasible_nondominated,1845541.1256381613,nan,nan,nan,0.811085258861905,57.38058669999009
results/20260425_161424_benchmark_realworld_cre_2obj,CRE22,NSGA2,233227757,results/20260425_161424_benchmark_realworld_cre_2obj/CRE22/NSGA2/run_002,ok,,30000,100,100,1.0,final_population_feasible_nondominated,1845175.2621626973,nan,nan,nan,0.8154791281193983,57.81609430001117
results/20260425_161424_benchmark_realworld_cre_2obj,CRE22,NSGA2,3276785861,results/20260425_161424_benchmark_realworld_cre_2obj/CRE22/NSGA2/run_003,ok,,30000,100,100,1.0,final_population_feasible_nondominated,1845031.8931646734,nan,nan,nan,0.8094430969845079,60.67628919996787
results/20260425_161424_benchmark_realworld_cre_2obj,CRE22,NSGA2,3644269654,results/20260425_161424_benchmark_realworld_cre_2obj/CRE22/NSGA2/run_004,ok,,30000,100,100,1.0,final_population_feasible_nondominated,1845424.7535851267,nan,nan,nan,0.7665743134870456,56.69178329996066
results/20260425_161424_benchmark_realworld_cre_2obj,CRE22,NSGA2,1206282609,results/20260425_161424_benchmark_realworld_cre_2obj/CRE22/NSGA2/run_005,ok,,30000,100,100,1.0,final_population_feasible_nondominated,1844274.9012103532,nan,nan,nan,0.8359521045837895,57.76988480001455
results/20260425_161424_benchmark_realworld_cre_2obj,CRE22,NSGA2,3543069911,results/20260425_161424_benchmark_realworld_cre_2obj/CRE22/NSGA2/run_006,ok,,30000,100,100,1.0,final_population_feasible_nondominated,1845275.8951509623,nan,nan,nan,0.8122577453725671,60.682672999973875
results/20260425_161424_benchmark_realworld_cre_2obj,CRE22,NSGA2,3479688010,results/20260425_161424_benchmark_realworld_cre_2obj/CRE22/NSGA2/run_007,ok,,30000,100,100,1.0,final_population_feasible_nondominated,1845484.8431598884,nan,nan,nan,0.8959224137608776,60.20251350000035
results/20260425_161424_benchmark_realworld_cre_2obj,CRE22,NSGA2,877132087,results/20260425_161424_benchmark_realworld_cre_2obj/CRE22/NSGA2/run_008,ok,,30000,100,100,1.0,final_population_feasible_nondominated,1845522.773700662,nan,nan,nan,0.8364226754927107,57.32635869999649
results/20260425_161424_benchmark_realworld_cre_2obj,CRE22,NSGA2,1244265337,results/20260425_161424_benchmark_realworld_cre_2obj/CRE22/NSGA2/run_009,ok,,30000,100,100,1.0,final_population_feasible_nondominated,1845262.7056442092,nan,nan,nan,0.7887564261534965,58.62702940002782
results/20260425_161424_benchmark_realworld_cre_2obj,CRE22,NSGA2,2740186692,results/20260425_161424_benchmark_realworld_cre_2obj/CRE22/NSGA2/run_010,ok,,30000,100,100,1.0,final_population_feasible_nondominated,1845408.1893966077,nan,nan,nan,0.7419674851809908,57.630193900025915
results/20260425_161424_benchmark_realworld_cre_2obj,CRE22,NSGA2,3884972972,results/20260425_161424_benchmark_realworld_cre_2obj/CRE22/NSGA2/run_011,ok,,30000,100,100,1.0,final_population_feasible_nondominated,1845314.5696059677,nan,nan,nan,0.8270569205890919,58.70520210004179
results/20260425_161424_benchmark_realworld_cre_2obj,CRE22,NSGA2,829139639,results/20260425_161424_benchmark_realworld_cre_2obj/CRE22/NSGA2/run_012,ok,,30000,100,100,1.0,final_population_feasible_nondominated,1845342.2025784396,nan,nan,nan,0.8827489338692964,56.819272900000215
results/20260425_161424_benchmark_realworld_cre_2obj,CRE22,NSGA2,2545567356,results/20260425_161424_benchmark_realworld_cre_2obj/CRE22/NSGA2/run_013,ok,,30000,100,100,1.0,final_population_feasible_nondominated,1845370.1205994643,nan,nan,nan,0.8377525723274589,57.51131349999923
results/20260425_161424_benchmark_realworld_cre_2obj,CRE22,NSGA2,2718398101,results/20260425_161424_benchmark_realworld_cre_2obj/CRE22/NSGA2/run_014,ok,,30000,100,100,1.0,final_population_feasible_nondominated,1845396.8764168138,nan,nan,nan,0.8365244719212915,57.057492699997965
results/20260425_161424_benchmark_realworld_cre_2obj,CRE22,NSGA2,176092387,results/20260425_161424_benchmark_realworld_cre_2obj/CRE22/NSGA2/run_015,ok,,30000,100,100,1.0,final_population_feasible_nondominated,1845470.3849133393,nan,nan,nan,0.9039341648865459,58.44706390000647
results/20260425_161424_benchmark_realworld_cre_2obj,CRE22,NSGA2,3528048386,results/20260425_161424_benchmark_realworld_cre_2obj/CRE22/NSGA2/run_016,ok,,30000,100,100,1.0,final_population_feasible_nondominated,1843704.2277192369,nan,nan,nan,0.8382655581298002,44.97043929999927
results/20260425_161424_benchmark_realworld_cre_2obj,CRE22,NSGA2,569531098,results/20260425_161424_benchmark_realworld_cre_2obj/CRE22/NSGA2/run_017,ok,,30000,100,100,1.0,final_population_feasible_nondominated,1845357.0955985896,nan,nan,nan,0.8762058416921953,44.765810999961104
results/20260425_161424_benchmark_realworld_cre_2obj,CRE22,NSGA2,1337295874,results/20260425_161424_benchmark_realworld_cre_2obj/CRE22/NSGA2/run_018,ok,,30000,100,100,1.0,final_population_feasible_nondominated,1845340.3164701147,nan,nan,nan,0.7605622775263796,44.14507500000764
results/20260425_161424_benchmark_realworld_cre_2obj,CRE22,NSGA2,612016888,results/20260425_161424_benchmark_realworld_cre_2obj/CRE22/NSGA2/run_019,ok,,30000,100,100,1.0,final_population_feasible_nondominated,1845464.2621849794,nan,nan,nan,0.8466501643681819,44.30394210002851
results/20260425_161424_benchmark_realworld_cre_2obj,CRE22,NSGA2,232150720,results/20260425_161424_benchmark_realworld_cre_2obj/CRE22/NSGA2/run_020,ok,,30000,100,100,1.0,final_population_feasible_nondominated,1844762.443701929,nan,nan,nan,0.8415237205579441,43.90593889995944
results/20260425_161424_benchmark_realworld_cre_2obj,CRE23,MOEAD,2684470948,results/20260425_161424_benchmark_realworld_cre_2obj/CRE23/MOEAD/run_000,ok,,30000,57,57,1.0,final_population_feasible_nondominated,54.20006781090327,nan,nan,nan,0.7520685980735856,6.43588240002282
results/20260425_161424_benchmark_realworld_cre_2obj,CRE23,MOEAD,4091952314,results/20260425_161424_benchmark_realworld_cre_2obj/CRE23/MOEAD/run_001,ok,,30000,61,61,1.0,final_population_feasible_nondominated,54.14664381984513,nan,nan,nan,0.708161183719917,6.66027439996833
results/20260425_161424_benchmark_realworld_cre_2obj,CRE23,MOEAD,233227757,results/20260425_161424_benchmark_realworld_cre_2obj/CRE23/MOEAD/run_002,ok,,30000,63,63,1.0,final_population_feasible_nondominated,54.1946308794715,nan,nan,nan,0.7504926013620103,6.149661700008437
results/20260425_161424_benchmark_realworld_cre_2obj,CRE23,MOEAD,3276785861,results/20260425_161424_benchmark_realworld_cre_2obj/CRE23/MOEAD/run_003,ok,,30000,53,53,1.0,final_population_feasible_nondominated,54.14948449337436,nan,nan,nan,0.756298958164335,6.350042299949564
results/20260425_161424_benchmark_realworld_cre_2obj,CRE23,MOEAD,3644269654,results/20260425_161424_benchmark_realworld_cre_2obj/CRE23/MOEAD/run_004,ok,,30000,61,61,1.0,final_population_feasible_nondominated,54.199769365805004,nan,nan,nan,0.761334554699049,6.374670700053684
results/20260425_161424_benchmark_realworld_cre_2obj,CRE23,MOEAD,1206282609,results/20260425_161424_benchmark_realworld_cre_2obj/CRE23/MOEAD/run_005,ok,,30000,57,57,1.0,final_population_feasible_nondominated,54.19408039509162,nan,nan,nan,0.758013584783423,6.311858900007792
results/20260425_161424_benchmark_realworld_cre_2obj,CRE23,MOEAD,3543069911,results/20260425_161424_benchmark_realworld_cre_2obj/CRE23/MOEAD/run_006,ok,,30000,54,54,1.0,final_population_feasible_nondominated,54.17561160583266,nan,nan,nan,0.7598786597632062,6.379213500011247
results/20260425_161424_benchmark_realworld_cre_2obj,CRE23,MOEAD,3479688010,results/20260425_161424_benchmark_realworld_cre_2obj/CRE23/MOEAD/run_007,ok,,30000,54,54,1.0,final_population_feasible_nondominated,54.151324363206,nan,nan,nan,0.7067865038246225,6.360110400011763
results/20260425_161424_benchmark_realworld_cre_2obj,CRE23,MOEAD,877132087,results/20260425_161424_benchmark_realworld_cre_2obj/CRE23/MOEAD/run_008,ok,,30000,57,57,1.0,final_population_feasible_nondominated,54.173130620722674,nan,nan,nan,0.7655593214143088,7.167039000021759
results/20260425_161424_benchmark_realworld_cre_2obj,CRE23,MOEAD,1244265337,results/20260425_161424_benchmark_realworld_cre_2obj/CRE23/MOEAD/run_009,ok,,30000,69,69,1.0,final_population_feasible_nondominated,54.16192340435393,nan,nan,nan,0.8077838589855464,6.8329216000274755
results/20260425_161424_benchmark_realworld_cre_2obj,CRE23,MOEAD,2740186692,results/20260425_161424_benchmark_realworld_cre_2obj/CRE23/MOEAD/run_010,ok,,30000,61,61,1.0,final_population_feasible_nondominated,54.171157695509784,nan,nan,nan,0.7846045443480422,7.000592800031882
results/20260425_161424_benchmark_realworld_cre_2obj,CRE23,MOEAD,3884972972,results/20260425_161424_benchmark_realworld_cre_2obj/CRE23/MOEAD/run_011,ok,,30000,59,59,1.0,final_population_feasible_nondominated,54.18463381013214,nan,nan,nan,0.7624564424038207,6.823471100011375
results/20260425_161424_benchmark_realworld_cre_2obj,CRE23,MOEAD,829139639,results/20260425_161424_benchmark_realworld_cre_2obj/CRE23/MOEAD/run_012,ok,,30000,57,57,1.0,final_population_feasible_nondominated,54.1662126159553,nan,nan,nan,0.7182164177462604,6.791001099976711
results/20260425_161424_benchmark_realworld_cre_2obj,CRE23,MOEAD,2545567356,results/20260425_161424_benchmark_realworld_cre_2obj/CRE23/MOEAD/run_013,ok,,30000,59,59,1.0,final_population_feasible_nondominated,54.156612822742844,nan,nan,nan,0.7589489896008695,6.716158199997153
results/20260425_161424_benchmark_realworld_cre_2obj,CRE23,MOEAD,2718398101,results/20260425_161424_benchmark_realworld_cre_2obj/CRE23/MOEAD/run_014,ok,,30000,60,60,1.0,final_population_feasible_nondominated,54.17609564612359,nan,nan,nan,0.7604975628841684,6.926682499994058
results/20260425_161424_benchmark_realworld_cre_2obj,CRE23,MOEAD,176092387,results/20260425_161424_benchmark_realworld_cre_2obj/CRE23/MOEAD/run_015,ok,,30000,57,57,1.0,final_population_feasible_nondominated,54.16521355250454,nan,nan,nan,0.7579328117379291,6.802723500004504
results/20260425_161424_benchmark_realworld_cre_2obj,CRE23,MOEAD,3528048386,results/20260425_161424_benchmark_realworld_cre_2obj/CRE23/MOEAD/run_016,ok,,30000,55,55,1.0,final_population_feasible_nondominated,54.191238827119214,nan,nan,nan,0.7554763563416395,5.93233079998754
results/20260425_161424_benchmark_realworld_cre_2obj,CRE23,MOEAD,569531098,results/20260425_161424_benchmark_realworld_cre_2obj/CRE23/MOEAD/run_017,ok,,30000,60,60,1.0,final_population_feasible_nondominated,54.153425723128244,nan,nan,nan,0.7378991087558738,5.580887900025118
results/20260425_161424_benchmark_realworld_cre_2obj,CRE23,MOEAD,1337295874,results/20260425_161424_benchmark_realworld_cre_2obj/CRE23/MOEAD/run_018,ok,,30000,61,61,1.0,final_population_feasible_nondominated,54.197512627675785,nan,nan,nan,0.7729612031725983,5.891964600014035
results/20260425_161424_benchmark_realworld_cre_2obj,CRE23,MOEAD,612016888,results/20260425_161424_benchmark_realworld_cre_2obj/CRE23/MOEAD/run_019,ok,,30000,62,62,1.0,final_population_feasible_nondominated,54.201928260088486,nan,nan,nan,0.7551677818883595,6.190314800012857
results/20260425_161424_benchmark_realworld_cre_2obj,CRE23,MOEAD,232150720,results/20260425_161424_benchmark_realworld_cre_2obj/CRE23/MOEAD/run_020,ok,,30000,54,54,1.0,final_population_feasible_nondominated,54.18129536480474,nan,nan,nan,0.7655211546302761,5.76981780002825
results/20260425_161424_benchmark_realworld_cre_2obj,CRE23,MOSADE,2684470948,results/20260425_161424_benchmark_realworld_cre_2obj/CRE23/MOSADE/run_000,ok,,30010,189,189,1.0,archive,54.123613749981544,nan,nan,nan,0.8307107463053507,17.384787699964363
results/20260425_161424_benchmark_realworld_cre_2obj,CRE23,MOSADE,4091952314,results/20260425_161424_benchmark_realworld_cre_2obj/CRE23/MOSADE/run_001,ok,,30020,188,188,1.0,archive,54.1659002170895,nan,nan,nan,0.8464319636716042,16.900492699991446
results/20260425_161424_benchmark_realworld_cre_2obj,CRE23,MOSADE,233227757,results/20260425_161424_benchmark_realworld_cre_2obj/CRE23/MOSADE/run_002,ok,,30010,200,200,1.0,archive,54.13213393563134,nan,nan,nan,0.8884887871902712,16.71933330001775
results/20260425_161424_benchmark_realworld_cre_2obj,CRE23,MOSADE,3276785861,results/20260425_161424_benchmark_realworld_cre_2obj/CRE23/MOSADE/run_003,ok,,30020,198,198,1.0,archive,54.122665057801946,nan,nan,nan,0.8263571933259879,17.316223500005435
results/20260425_161424_benchmark_realworld_cre_2obj,CRE23,MOSADE,3644269654,results/20260425_161424_benchmark_realworld_cre_2obj/CRE23/MOSADE/run_004,ok,,30010,200,200,1.0,archive,54.15555544506407,nan,nan,nan,0.8190995789699779,16.934181399992667
results/20260425_161424_benchmark_realworld_cre_2obj,CRE23,MOSADE,1206282609,results/20260425_161424_benchmark_realworld_cre_2obj/CRE23/MOSADE/run_005,ok,,30010,180,180,1.0,archive,54.172660669242234,nan,nan,nan,0.8586747106915228,18.214791300008073
results/20260425_161424_benchmark_realworld_cre_2obj,CRE23,MOSADE,3543069911,results/20260425_161424_benchmark_realworld_cre_2obj/CRE23/MOSADE/run_006,ok,,30020,176,176,1.0,archive,54.172759060583275,nan,nan,nan,0.8312347606603027,16.47831129998667
results/20260425_161424_benchmark_realworld_cre_2obj,CRE23,MOSADE,3479688010,results/20260425_161424_benchmark_realworld_cre_2obj/CRE23/MOSADE/run_007,ok,,30010,199,199,1.0,archive,54.15977380707223,nan,nan,nan,0.8272127518961458,17.766675799968652
results/20260425_161424_benchmark_realworld_cre_2obj,CRE23,MOSADE,877132087,results/20260425_161424_benchmark_realworld_cre_2obj/CRE23/MOSADE/run_008,ok,,30010,178,178,1.0,archive,54.113605737480135,nan,nan,nan,1.0410572801574223,18.605664199974854
results/20260425_161424_benchmark_realworld_cre_2obj,CRE23,MOSADE,1244265337,results/20260425_161424_benchmark_realworld_cre_2obj/CRE23/MOSADE/run_009,ok,,30010,180,180,1.0,archive,54.12822517653609,nan,nan,nan,0.858402099955211,18.71296579996124
results/20260425_161424_benchmark_realworld_cre_2obj,CRE23,MOSADE,2740186692,results/20260425_161424_benchmark_realworld_cre_2obj/CRE23/MOSADE/run_010,ok,,30010,198,198,1.0,archive,54.099974256605066,nan,nan,nan,0.987000747670978,18.074049999995623
results/20260425_161424_benchmark_realworld_cre_2obj,CRE23,MOSADE,3884972972,results/20260425_161424_benchmark_realworld_cre_2obj/CRE23/MOSADE/run_011,ok,,30010,172,172,1.0,archive,54.14954154807605,nan,nan,nan,0.7968631103803847,18.46778380003525
results/20260425_161424_benchmark_realworld_cre_2obj,CRE23,MOSADE,829139639,results/20260425_161424_benchmark_realworld_cre_2obj/CRE23/MOSADE/run_012,ok,,30020,198,198,1.0,archive,54.1697061595608,nan,nan,nan,0.9531636200464336,17.865320799988694
results/20260425_161424_benchmark_realworld_cre_2obj,CRE23,MOSADE,2545567356,results/20260425_161424_benchmark_realworld_cre_2obj/CRE23/MOSADE/run_013,ok,,30010,170,170,1.0,archive,54.14840240524332,nan,nan,nan,0.9093109975234397,18.75625850004144
results/20260425_161424_benchmark_realworld_cre_2obj,CRE23,MOSADE,2718398101,results/20260425_161424_benchmark_realworld_cre_2obj/CRE23/MOSADE/run_014,ok,,30010,197,197,1.0,archive,54.14483786328369,nan,nan,nan,1.1153354034662688,17.737768199993297
results/20260425_161424_benchmark_realworld_cre_2obj,CRE23,MOSADE,176092387,results/20260425_161424_benchmark_realworld_cre_2obj/CRE23/MOSADE/run_015,ok,,30020,185,185,1.0,archive,54.13969564298612,nan,nan,nan,0.8548303029547238,17.307864899979904
results/20260425_161424_benchmark_realworld_cre_2obj,CRE23,MOSADE,3528048386,results/20260425_161424_benchmark_realworld_cre_2obj/CRE23/MOSADE/run_016,ok,,30020,183,183,1.0,archive,54.11219963459227,nan,nan,nan,0.8328777739424884,12.368546399986371
results/20260425_161424_benchmark_realworld_cre_2obj,CRE23,MOSADE,569531098,results/20260425_161424_benchmark_realworld_cre_2obj/CRE23/MOSADE/run_017,ok,,30010,182,182,1.0,archive,54.1490052445694,nan,nan,nan,0.8451000410784445,13.778278500016313
results/20260425_161424_benchmark_realworld_cre_2obj,CRE23,MOSADE,1337295874,results/20260425_161424_benchmark_realworld_cre_2obj/CRE23/MOSADE/run_018,ok,,30010,176,176,1.0,archive,54.1468920871142,nan,nan,nan,1.0240326790306171,14.083499700005632
results/20260425_161424_benchmark_realworld_cre_2obj,CRE23,MOSADE,612016888,results/20260425_161424_benchmark_realworld_cre_2obj/CRE23/MOSADE/run_019,ok,,30010,192,192,1.0,archive,54.13044165492692,nan,nan,nan,1.0391751356406487,13.195543700014241
results/20260425_161424_benchmark_realworld_cre_2obj,CRE23,MOSADE,232150720,results/20260425_161424_benchmark_realworld_cre_2obj/CRE23/MOSADE/run_020,ok,,30010,151,151,1.0,archive,54.102265813969105,nan,nan,nan,0.9498971992781818,11.926336799981073
results/20260425_161424_benchmark_realworld_cre_2obj,CRE23,NSGA2,2684470948,results/20260425_161424_benchmark_realworld_cre_2obj/CRE23/NSGA2/run_000,ok,,30000,100,100,1.0,final_population_feasible_nondominated,53.55927408504982,nan,nan,nan,0.5484414799420974,61.95421749999514
results/20260425_161424_benchmark_realworld_cre_2obj,CRE23,NSGA2,4091952314,results/20260425_161424_benchmark_realworld_cre_2obj/CRE23/NSGA2/run_001,ok,,30000,100,100,1.0,final_population_feasible_nondominated,53.77846700980661,nan,nan,nan,0.44922002658119975,65.50590139999986
results/20260425_161424_benchmark_realworld_cre_2obj,CRE23,NSGA2,233227757,results/20260425_161424_benchmark_realworld_cre_2obj/CRE23/NSGA2/run_002,ok,,30000,100,100,1.0,final_population_feasible_nondominated,53.64699031788988,nan,nan,nan,0.5039237799091597,60.56862699997146
results/20260425_161424_benchmark_realworld_cre_2obj,CRE23,NSGA2,3276785861,results/20260425_161424_benchmark_realworld_cre_2obj/CRE23/NSGA2/run_003,ok,,30000,100,100,1.0,final_population_feasible_nondominated,53.856718389918576,nan,nan,nan,0.49797697618639963,59.704499699990265
results/20260425_161424_benchmark_realworld_cre_2obj,CRE23,NSGA2,3644269654,results/20260425_161424_benchmark_realworld_cre_2obj/CRE23/NSGA2/run_004,ok,,30000,100,100,1.0,final_population_feasible_nondominated,54.20810223892514,nan,nan,nan,0.5039451522160724,60.852975699992385
results/20260425_161424_benchmark_realworld_cre_2obj,CRE23,NSGA2,1206282609,results/20260425_161424_benchmark_realworld_cre_2obj/CRE23/NSGA2/run_005,ok,,30000,100,100,1.0,final_population_feasible_nondominated,54.01283820914207,nan,nan,nan,0.4666484137272127,65.08176659996388
results/20260425_161424_benchmark_realworld_cre_2obj,CRE23,NSGA2,3543069911,results/20260425_161424_benchmark_realworld_cre_2obj/CRE23/NSGA2/run_006,ok,,30000,100,100,1.0,final_population_feasible_nondominated,52.86015088668966,nan,nan,nan,0.5248467125843521,65.22877119999612
results/20260425_161424_benchmark_realworld_cre_2obj,CRE23,NSGA2,3479688010,results/20260425_161424_benchmark_realworld_cre_2obj/CRE23/NSGA2/run_007,ok,,30000,100,100,1.0,final_population_feasible_nondominated,53.85813483639111,nan,nan,nan,0.46348120415410343,66.01905719999922
results/20260425_161424_benchmark_realworld_cre_2obj,CRE23,NSGA2,877132087,results/20260425_161424_benchmark_realworld_cre_2obj/CRE23/NSGA2/run_008,ok,,30000,100,100,1.0,final_population_feasible_nondominated,54.169264920514294,nan,nan,nan,0.4576771748441735,56.81395419995533
results/20260425_161424_benchmark_realworld_cre_2obj,CRE23,NSGA2,1244265337,results/20260425_161424_benchmark_realworld_cre_2obj/CRE23/NSGA2/run_009,ok,,30000,100,100,1.0,final_population_feasible_nondominated,54.22171800665237,nan,nan,nan,0.4853826636114789,61.59461980004562
results/20260425_161424_benchmark_realworld_cre_2obj,CRE23,NSGA2,2740186692,results/20260425_161424_benchmark_realworld_cre_2obj/CRE23/NSGA2/run_010,ok,,30000,100,100,1.0,final_population_feasible_nondominated,53.9362705360214,nan,nan,nan,0.5121628771093999,56.91724049998447
results/20260425_161424_benchmark_realworld_cre_2obj,CRE23,NSGA2,3884972972,results/20260425_161424_benchmark_realworld_cre_2obj/CRE23/NSGA2/run_011,ok,,30000,100,100,1.0,final_population_feasible_nondominated,54.21250415117128,nan,nan,nan,0.44968741468786966,56.08899509999901
results/20260425_161424_benchmark_realworld_cre_2obj,CRE23,NSGA2,829139639,results/20260425_161424_benchmark_realworld_cre_2obj/CRE23/NSGA2/run_012,ok,,30000,100,100,1.0,final_population_feasible_nondominated,53.95297600079058,nan,nan,nan,0.44551679388215476,57.2333775999723
results/20260425_161424_benchmark_realworld_cre_2obj,CRE23,NSGA2,2545567356,results/20260425_161424_benchmark_realworld_cre_2obj/CRE23/NSGA2/run_013,ok,,30000,100,100,1.0,final_population_feasible_nondominated,54.22527033358008,nan,nan,nan,0.5191179157123736,57.050146399997175
results/20260425_161424_benchmark_realworld_cre_2obj,CRE23,NSGA2,2718398101,results/20260425_161424_benchmark_realworld_cre_2obj/CRE23/NSGA2/run_014,ok,,30000,100,100,1.0,final_population_feasible_nondominated,53.637794606617916,nan,nan,nan,0.4799356020246932,56.11625980003737
results/20260425_161424_benchmark_realworld_cre_2obj,CRE23,NSGA2,176092387,results/20260425_161424_benchmark_realworld_cre_2obj/CRE23/NSGA2/run_015,ok,,30000,100,100,1.0,final_population_feasible_nondominated,54.212546107710466,nan,nan,nan,0.49987935336970535,56.402756199997384
results/20260425_161424_benchmark_realworld_cre_2obj,CRE23,NSGA2,3528048386,results/20260425_161424_benchmark_realworld_cre_2obj/CRE23/NSGA2/run_016,ok,,30000,100,100,1.0,final_population_feasible_nondominated,53.52288330796833,nan,nan,nan,0.5123167851151919,45.6821083999821
results/20260425_161424_benchmark_realworld_cre_2obj,CRE23,NSGA2,569531098,results/20260425_161424_benchmark_realworld_cre_2obj/CRE23/NSGA2/run_017,ok,,30000,100,100,1.0,final_population_feasible_nondominated,53.89963167708089,nan,nan,nan,0.49901863868374274,45.41233009996358
results/20260425_161424_benchmark_realworld_cre_2obj,CRE23,NSGA2,1337295874,results/20260425_161424_benchmark_realworld_cre_2obj/CRE23/NSGA2/run_018,ok,,30000,100,100,1.0,final_population_feasible_nondominated,54.2144902943807,nan,nan,nan,0.4883260820637819,44.47875459998613
results/20260425_161424_benchmark_realworld_cre_2obj,CRE23,NSGA2,612016888,results/20260425_161424_benchmark_realworld_cre_2obj/CRE23/NSGA2/run_019,ok,,30000,100,100,1.0,final_population_feasible_nondominated,54.22629420902962,nan,nan,nan,0.46286778834138914,44.626463300024625
results/20260425_161424_benchmark_realworld_cre_2obj,CRE23,NSGA2,232150720,results/20260425_161424_benchmark_realworld_cre_2obj/CRE23/NSGA2/run_020,ok,,30000,100,100,1.0,final_population_feasible_nondominated,53.54903483192315,nan,nan,nan,0.5261139065928604,43.31130950001534
results/20260425_162709_benchmark_realworld_cre_3obj,CRE31,MOEAD,2684470948,results/20260425_162709_benchmark_realworld_cre_3obj/CRE31/MOEAD/run_000,ok,,31500,104,104,1.0,final_population_feasible_nondominated,59.03464000162973,nan,nan,nan,0.1441455192241271,8.717296299990267
results/20260425_162709_benchmark_realworld_cre_3obj,CRE31,MOEAD,4091952314,results/20260425_162709_benchmark_realworld_cre_3obj/CRE31/MOEAD/run_001,ok,,31500,103,103,1.0,final_population_feasible_nondominated,61.41290039374561,nan,nan,nan,0.5338322016166259,9.083986899990123
results/20260425_162709_benchmark_realworld_cre_3obj,CRE31,MOEAD,233227757,results/20260425_162709_benchmark_realworld_cre_3obj/CRE31/MOEAD/run_002,ok,,31500,39,39,1.0,final_population_feasible_nondominated,57.63334594555158,nan,nan,nan,0.6142630127884163,8.869412700005341
results/20260425_162709_benchmark_realworld_cre_3obj,CRE31,MOEAD,3276785861,results/20260425_162709_benchmark_realworld_cre_3obj/CRE31/MOEAD/run_003,ok,,31500,105,105,1.0,final_population_feasible_nondominated,59.29971880206169,nan,nan,nan,0.49728577247288963,9.003415099985432
results/20260425_162709_benchmark_realworld_cre_3obj,CRE31,MOEAD,3644269654,results/20260425_162709_benchmark_realworld_cre_3obj/CRE31/MOEAD/run_004,ok,,31500,105,105,1.0,final_population_feasible_nondominated,58.858575034633475,nan,nan,nan,0.5722557779812438,8.775427699962165
results/20260425_162709_benchmark_realworld_cre_3obj,CRE31,MOEAD,1206282609,results/20260425_162709_benchmark_realworld_cre_3obj/CRE31/MOEAD/run_005,ok,,31500,105,105,1.0,final_population_feasible_nondominated,58.25871289653686,nan,nan,nan,0.20545933361391905,8.833633099973667
results/20260425_162709_benchmark_realworld_cre_3obj,CRE31,MOEAD,3543069911,results/20260425_162709_benchmark_realworld_cre_3obj/CRE31/MOEAD/run_006,ok,,31500,104,104,1.0,final_population_feasible_nondominated,59.319707506577316,nan,nan,nan,0.37880815244918764,8.97552400000859
results/20260425_162709_benchmark_realworld_cre_3obj,CRE31,MOEAD,3479688010,results/20260425_162709_benchmark_realworld_cre_3obj/CRE31/MOEAD/run_007,ok,,31500,45,45,1.0,final_population_feasible_nondominated,59.96441476440492,nan,nan,nan,0.5278229798444433,8.690535000001546
results/20260425_162709_benchmark_realworld_cre_3obj,CRE31,MOEAD,877132087,results/20260425_162709_benchmark_realworld_cre_3obj/CRE31/MOEAD/run_008,ok,,31500,72,72,1.0,final_population_feasible_nondominated,59.41804601322947,nan,nan,nan,0.18170493216322098,9.462802099995315
results/20260425_162709_benchmark_realworld_cre_3obj,CRE31,MOEAD,1244265337,results/20260425_162709_benchmark_realworld_cre_3obj/CRE31/MOEAD/run_009,ok,,31500,104,104,1.0,final_population_feasible_nondominated,56.45883820207814,nan,nan,nan,0.11778201658719267,9.268456700025126
results/20260425_162709_benchmark_realworld_cre_3obj,CRE31,MOEAD,2740186692,results/20260425_162709_benchmark_realworld_cre_3obj/CRE31/MOEAD/run_010,ok,,31500,105,105,1.0,final_population_feasible_nondominated,61.89902059429613,nan,nan,nan,0.34102704748956303,9.11665769998217
results/20260425_162709_benchmark_realworld_cre_3obj,CRE31,MOEAD,3884972972,results/20260425_162709_benchmark_realworld_cre_3obj/CRE31/MOEAD/run_011,ok,,31500,49,49,1.0,final_population_feasible_nondominated,57.64807769466148,nan,nan,nan,0.23452968155465853,9.211631499987561
results/20260425_162709_benchmark_realworld_cre_3obj,CRE31,MOEAD,829139639,results/20260425_162709_benchmark_realworld_cre_3obj/CRE31/MOEAD/run_012,ok,,31500,41,41,1.0,final_population_feasible_nondominated,54.80464244729597,nan,nan,nan,0.16718657239112364,9.591813400038518
results/20260425_162709_benchmark_realworld_cre_3obj,CRE31,MOEAD,2545567356,results/20260425_162709_benchmark_realworld_cre_3obj/CRE31/MOEAD/run_013,ok,,31500,104,104,1.0,final_population_feasible_nondominated,59.03424969009815,nan,nan,nan,0.1084447881443756,9.215064199990593
results/20260425_162709_benchmark_realworld_cre_3obj,CRE31,MOEAD,2718398101,results/20260425_162709_benchmark_realworld_cre_3obj/CRE31/MOEAD/run_014,ok,,31500,44,44,1.0,final_population_feasible_nondominated,55.8782250558731,nan,nan,nan,0.14622988934983536,9.53270679997513
results/20260425_162709_benchmark_realworld_cre_3obj,CRE31,MOEAD,176092387,results/20260425_162709_benchmark_realworld_cre_3obj/CRE31/MOEAD/run_015,ok,,31500,104,104,1.0,final_population_feasible_nondominated,60.4217159809013,nan,nan,nan,0.4807048400751032,9.3549438000191
results/20260425_162709_benchmark_realworld_cre_3obj,CRE31,MOEAD,3528048386,results/20260425_162709_benchmark_realworld_cre_3obj/CRE31/MOEAD/run_016,ok,,31500,105,105,1.0,final_population_feasible_nondominated,59.64961802539892,nan,nan,nan,0.42059993412498303,7.725881599995773
results/20260425_162709_benchmark_realworld_cre_3obj,CRE31,MOEAD,569531098,results/20260425_162709_benchmark_realworld_cre_3obj/CRE31/MOEAD/run_017,ok,,31500,46,46,1.0,final_population_feasible_nondominated,55.931627002318706,nan,nan,nan,0.4261859772265667,8.142567100003362
results/20260425_162709_benchmark_realworld_cre_3obj,CRE31,MOEAD,1337295874,results/20260425_162709_benchmark_realworld_cre_3obj/CRE31/MOEAD/run_018,ok,,31500,105,105,1.0,final_population_feasible_nondominated,62.15218738107765,nan,nan,nan,0.4490274537309631,7.7185768999625
results/20260425_162709_benchmark_realworld_cre_3obj,CRE31,MOEAD,612016888,results/20260425_162709_benchmark_realworld_cre_3obj/CRE31/MOEAD/run_019,ok,,31500,104,104,1.0,final_population_feasible_nondominated,62.12373855962399,nan,nan,nan,0.45775348348404327,7.945140000025276
results/20260425_162709_benchmark_realworld_cre_3obj,CRE31,MOEAD,232150720,results/20260425_162709_benchmark_realworld_cre_3obj/CRE31/MOEAD/run_020,ok,,31500,105,105,1.0,final_population_feasible_nondominated,61.4688606704545,nan,nan,nan,0.5461522082140697,7.984989999968093
results/20260425_162709_benchmark_realworld_cre_3obj,CRE31,MOSADE,2684470948,results/20260425_162709_benchmark_realworld_cre_3obj/CRE31/MOSADE/run_000,ok,,31515,210,210,1.0,archive,72.12359977943885,nan,nan,nan,0.06771793423298762,34.34133989998372
results/20260425_162709_benchmark_realworld_cre_3obj,CRE31,MOSADE,4091952314,results/20260425_162709_benchmark_realworld_cre_3obj/CRE31/MOSADE/run_001,ok,,31525,210,210,1.0,archive,72.49234577368912,nan,nan,nan,0.07566694534364551,34.38340049999533
results/20260425_162709_benchmark_realworld_cre_3obj,CRE31,MOSADE,233227757,results/20260425_162709_benchmark_realworld_cre_3obj/CRE31/MOSADE/run_002,ok,,31515,210,210,1.0,archive,72.11997560220848,nan,nan,nan,0.0731227594494298,36.02713460003724
results/20260425_162709_benchmark_realworld_cre_3obj,CRE31,MOSADE,3276785861,results/20260425_162709_benchmark_realworld_cre_3obj/CRE31/MOSADE/run_003,ok,,31515,210,210,1.0,archive,71.93848189624265,nan,nan,nan,0.0851988543356411,31.051685000013094
results/20260425_162709_benchmark_realworld_cre_3obj,CRE31,MOSADE,3644269654,results/20260425_162709_benchmark_realworld_cre_3obj/CRE31/MOSADE/run_004,ok,,31515,210,210,1.0,archive,72.00377254777669,nan,nan,nan,0.07402666819146111,29.220211400010157
results/20260425_162709_benchmark_realworld_cre_3obj,CRE31,MOSADE,1206282609,results/20260425_162709_benchmark_realworld_cre_3obj/CRE31/MOSADE/run_005,ok,,31515,210,210,1.0,archive,72.16010504632109,nan,nan,nan,0.08009999485201917,32.56925780000165
results/20260425_162709_benchmark_realworld_cre_3obj,CRE31,MOSADE,3543069911,results/20260425_162709_benchmark_realworld_cre_3obj/CRE31/MOSADE/run_006,ok,,31515,210,210,1.0,archive,71.88998910707733,nan,nan,nan,0.07609019795300688,32.849210699961986
results/20260425_162709_benchmark_realworld_cre_3obj,CRE31,MOSADE,3479688010,results/20260425_162709_benchmark_realworld_cre_3obj/CRE31/MOSADE/run_007,ok,,31525,210,210,1.0,archive,71.85628558181116,nan,nan,nan,0.08052613757263441,31.206870699999854
results/20260425_162709_benchmark_realworld_cre_3obj,CRE31,MOSADE,877132087,results/20260425_162709_benchmark_realworld_cre_3obj/CRE31/MOSADE/run_008,ok,,31525,210,210,1.0,archive,72.1143494603581,nan,nan,nan,0.07378338997414566,34.50584510003682
results/20260425_162709_benchmark_realworld_cre_3obj,CRE31,MOSADE,1244265337,results/20260425_162709_benchmark_realworld_cre_3obj/CRE31/MOSADE/run_009,ok,,31525,210,210,1.0,archive,72.1515334339688,nan,nan,nan,0.07265505553198912,36.804357399989385
results/20260425_162709_benchmark_realworld_cre_3obj,CRE31,MOSADE,2740186692,results/20260425_162709_benchmark_realworld_cre_3obj/CRE31/MOSADE/run_010,ok,,31525,210,210,1.0,archive,72.05227073023764,nan,nan,nan,0.07919585654998366,34.289652000006754
results/20260425_162709_benchmark_realworld_cre_3obj,CRE31,MOSADE,3884972972,results/20260425_162709_benchmark_realworld_cre_3obj/CRE31/MOSADE/run_011,ok,,31525,210,210,1.0,archive,72.74462552672114,nan,nan,nan,0.0749759425978544,37.41669859999092
results/20260425_162709_benchmark_realworld_cre_3obj,CRE31,MOSADE,829139639,results/20260425_162709_benchmark_realworld_cre_3obj/CRE31/MOSADE/run_012,ok,,31525,210,210,1.0,archive,72.41814004711568,nan,nan,nan,0.07510509264736613,36.202530000009574
results/20260425_162709_benchmark_realworld_cre_3obj,CRE31,MOSADE,2545567356,results/20260425_162709_benchmark_realworld_cre_3obj/CRE31/MOSADE/run_013,ok,,31525,210,210,1.0,archive,72.17666983227207,nan,nan,nan,0.07836098066869723,34.44987020001281
results/20260425_162709_benchmark_realworld_cre_3obj,CRE31,MOSADE,2718398101,results/20260425_162709_benchmark_realworld_cre_3obj/CRE31/MOSADE/run_014,ok,,31515,210,210,1.0,archive,72.20692476038856,nan,nan,nan,0.07617203890508131,38.25099720002618
results/20260425_162709_benchmark_realworld_cre_3obj,CRE31,MOSADE,176092387,results/20260425_162709_benchmark_realworld_cre_3obj/CRE31/MOSADE/run_015,ok,,31620,210,210,1.0,archive,72.0727834892835,nan,nan,nan,0.07512103244705506,37.7504445000086
results/20260425_162709_benchmark_realworld_cre_3obj,CRE31,MOSADE,3528048386,results/20260425_162709_benchmark_realworld_cre_3obj/CRE31/MOSADE/run_016,ok,,31525,210,210,1.0,archive,71.88999624752819,nan,nan,nan,0.0706918345543819,32.89917869999772
results/20260425_162709_benchmark_realworld_cre_3obj,CRE31,MOSADE,569531098,results/20260425_162709_benchmark_realworld_cre_3obj/CRE31/MOSADE/run_017,ok,,31515,210,210,1.0,archive,71.689183199082,nan,nan,nan,0.08277472959079063,30.742537999991328
results/20260425_162709_benchmark_realworld_cre_3obj,CRE31,MOSADE,1337295874,results/20260425_162709_benchmark_realworld_cre_3obj/CRE31/MOSADE/run_018,ok,,31515,210,210,1.0,archive,72.23128409172223,nan,nan,nan,0.06908984049096262,29.436693399969954
results/20260425_162709_benchmark_realworld_cre_3obj,CRE31,MOSADE,612016888,results/20260425_162709_benchmark_realworld_cre_3obj/CRE31/MOSADE/run_019,ok,,31515,210,210,1.0,archive,72.2393628699298,nan,nan,nan,0.08549881352043413,29.133958899998106
results/20260425_162709_benchmark_realworld_cre_3obj,CRE31,MOSADE,232150720,results/20260425_162709_benchmark_realworld_cre_3obj/CRE31/MOSADE/run_020,ok,,31525,210,210,1.0,archive,72.05421644160758,nan,nan,nan,0.07360222655580156,26.778332600020804
results/20260425_162709_benchmark_realworld_cre_3obj,CRE31,NSGA2,2684470948,results/20260425_162709_benchmark_realworld_cre_3obj/CRE31/NSGA2/run_000,ok,,31588,106,106,1.0,final_population_feasible_nondominated,67.27842044671789,nan,nan,nan,0.10702944012620828,76.20080390002113
results/20260425_162709_benchmark_realworld_cre_3obj,CRE31,NSGA2,4091952314,results/20260425_162709_benchmark_realworld_cre_3obj/CRE31/NSGA2/run_001,ok,,31588,106,106,1.0,final_population_feasible_nondominated,67.19929523924677,nan,nan,nan,0.09522571605833167,75.39576929999748
results/20260425_162709_benchmark_realworld_cre_3obj,CRE31,NSGA2,233227757,results/20260425_162709_benchmark_realworld_cre_3obj/CRE31/NSGA2/run_002,ok,,31588,106,106,1.0,final_population_feasible_nondominated,67.52270533246642,nan,nan,nan,0.1125770712131619,71.45785020000767
results/20260425_162709_benchmark_realworld_cre_3obj,CRE31,NSGA2,3276785861,results/20260425_162709_benchmark_realworld_cre_3obj/CRE31/NSGA2/run_003,ok,,31588,106,106,1.0,final_population_feasible_nondominated,65.89595346529958,nan,nan,nan,0.09006115432762635,71.33892549999291
results/20260425_162709_benchmark_realworld_cre_3obj,CRE31,NSGA2,3644269654,results/20260425_162709_benchmark_realworld_cre_3obj/CRE31/NSGA2/run_004,ok,,31588,106,106,1.0,final_population_feasible_nondominated,68.39275257464831,nan,nan,nan,0.10393519219745828,76.10097099997802
results/20260425_162709_benchmark_realworld_cre_3obj,CRE31,NSGA2,1206282609,results/20260425_162709_benchmark_realworld_cre_3obj/CRE31/NSGA2/run_005,ok,,31588,106,106,1.0,final_population_feasible_nondominated,66.52334281326885,nan,nan,nan,0.08744011777223865,71.59883600001922
results/20260425_162709_benchmark_realworld_cre_3obj,CRE31,NSGA2,3543069911,results/20260425_162709_benchmark_realworld_cre_3obj/CRE31/NSGA2/run_006,ok,,31588,106,106,1.0,final_population_feasible_nondominated,67.05658967714805,nan,nan,nan,0.10039875343338685,76.78367999999318
results/20260425_162709_benchmark_realworld_cre_3obj,CRE31,NSGA2,3479688010,results/20260425_162709_benchmark_realworld_cre_3obj/CRE31/NSGA2/run_007,ok,,31588,106,106,1.0,final_population_feasible_nondominated,67.10512584178517,nan,nan,nan,0.08932397046839731,70.26616589998594
results/20260425_162709_benchmark_realworld_cre_3obj,CRE31,NSGA2,877132087,results/20260425_162709_benchmark_realworld_cre_3obj/CRE31/NSGA2/run_008,ok,,31588,106,106,1.0,final_population_feasible_nondominated,68.75830770948296,nan,nan,nan,0.10718579600704141,73.19618599995738
results/20260425_162709_benchmark_realworld_cre_3obj,CRE31,NSGA2,1244265337,results/20260425_162709_benchmark_realworld_cre_3obj/CRE31/NSGA2/run_009,ok,,31588,106,106,1.0,final_population_feasible_nondominated,67.9652850487669,nan,nan,nan,0.09911713557177755,72.81301849999
results/20260425_162709_benchmark_realworld_cre_3obj,CRE31,NSGA2,2740186692,results/20260425_162709_benchmark_realworld_cre_3obj/CRE31/NSGA2/run_010,ok,,31588,106,106,1.0,final_population_feasible_nondominated,68.08131230456092,nan,nan,nan,0.10320478179594039,73.1271587999654
results/20260425_162709_benchmark_realworld_cre_3obj,CRE31,NSGA2,3884972972,results/20260425_162709_benchmark_realworld_cre_3obj/CRE31/NSGA2/run_011,ok,,31588,106,106,1.0,final_population_feasible_nondominated,68.20699664104114,nan,nan,nan,0.08630939464342871,73.9339274999802
results/20260425_162709_benchmark_realworld_cre_3obj,CRE31,NSGA2,829139639,results/20260425_162709_benchmark_realworld_cre_3obj/CRE31/NSGA2/run_012,ok,,31588,106,106,1.0,final_population_feasible_nondominated,66.75576905111875,nan,nan,nan,0.0977541913346662,73.46818929997971
results/20260425_162709_benchmark_realworld_cre_3obj,CRE31,NSGA2,2545567356,results/20260425_162709_benchmark_realworld_cre_3obj/CRE31/NSGA2/run_013,ok,,31588,106,106,1.0,final_population_feasible_nondominated,68.50890476646038,nan,nan,nan,0.11006496945595277,74.17529530002503
results/20260425_162709_benchmark_realworld_cre_3obj,CRE31,NSGA2,2718398101,results/20260425_162709_benchmark_realworld_cre_3obj/CRE31/NSGA2/run_014,ok,,31588,106,106,1.0,final_population_feasible_nondominated,68.17602076045645,nan,nan,nan,0.09551808108917638,73.80502480000723
results/20260425_162709_benchmark_realworld_cre_3obj,CRE31,NSGA2,176092387,results/20260425_162709_benchmark_realworld_cre_3obj/CRE31/NSGA2/run_015,ok,,31588,106,106,1.0,final_population_feasible_nondominated,67.54923462936327,nan,nan,nan,0.09192739991832494,73.87960420001764
results/20260425_162709_benchmark_realworld_cre_3obj,CRE31,NSGA2,3528048386,results/20260425_162709_benchmark_realworld_cre_3obj/CRE31/NSGA2/run_016,ok,,31588,106,106,1.0,final_population_feasible_nondominated,67.23956016626684,nan,nan,nan,0.10661194280914167,59.741288500023074
results/20260425_162709_benchmark_realworld_cre_3obj,CRE31,NSGA2,569531098,results/20260425_162709_benchmark_realworld_cre_3obj/CRE31/NSGA2/run_017,ok,,31588,106,106,1.0,final_population_feasible_nondominated,66.87433241746177,nan,nan,nan,0.11569273334342715,59.75604210002348
results/20260425_162709_benchmark_realworld_cre_3obj,CRE31,NSGA2,1337295874,results/20260425_162709_benchmark_realworld_cre_3obj/CRE31/NSGA2/run_018,ok,,31588,106,106,1.0,final_population_feasible_nondominated,67.21729455753967,nan,nan,nan,0.08408403727170059,59.371540100022685
results/20260425_162709_benchmark_realworld_cre_3obj,CRE31,NSGA2,612016888,results/20260425_162709_benchmark_realworld_cre_3obj/CRE31/NSGA2/run_019,ok,,31588,106,106,1.0,final_population_feasible_nondominated,67.4994368687159,nan,nan,nan,0.09901125985024926,59.17537950002588
results/20260425_162709_benchmark_realworld_cre_3obj,CRE31,NSGA2,232150720,results/20260425_162709_benchmark_realworld_cre_3obj/CRE31/NSGA2/run_020,ok,,31588,106,106,1.0,final_population_feasible_nondominated,66.98672934646967,nan,nan,nan,0.1281802363967059,58.72474909998709
results/20260425_162709_benchmark_realworld_cre_3obj,CRE31,NSGA3,2684470948,results/20260425_162709_benchmark_realworld_cre_3obj/CRE31/NSGA3/run_000,ok,,31500,74,74,1.0,final_population_feasible_nondominated,73.30749879498936,nan,nan,nan,0.09955135433901716,3.54810010001529
results/20260425_162709_benchmark_realworld_cre_3obj,CRE31,NSGA3,4091952314,results/20260425_162709_benchmark_realworld_cre_3obj/CRE31/NSGA3/run_001,ok,,31500,75,75,1.0,final_population_feasible_nondominated,73.21604576480406,nan,nan,nan,0.108885692705771,3.709712300042156
results/20260425_162709_benchmark_realworld_cre_3obj,CRE31,NSGA3,233227757,results/20260425_162709_benchmark_realworld_cre_3obj/CRE31/NSGA3/run_002,ok,,31500,74,74,1.0,final_population_feasible_nondominated,73.20959292938237,nan,nan,nan,0.12534520152036072,3.282859099970665
results/20260425_162709_benchmark_realworld_cre_3obj,CRE31,NSGA3,3276785861,results/20260425_162709_benchmark_realworld_cre_3obj/CRE31/NSGA3/run_003,ok,,31500,73,73,1.0,final_population_feasible_nondominated,73.13992647530524,nan,nan,nan,0.09727371543731098,3.204367699974682
results/20260425_162709_benchmark_realworld_cre_3obj,CRE31,NSGA3,3644269654,results/20260425_162709_benchmark_realworld_cre_3obj/CRE31/NSGA3/run_004,ok,,31500,73,73,1.0,final_population_feasible_nondominated,72.87733507096617,nan,nan,nan,0.14142775052869486,3.3751022000215016
results/20260425_162709_benchmark_realworld_cre_3obj,CRE31,NSGA3,1206282609,results/20260425_162709_benchmark_realworld_cre_3obj/CRE31/NSGA3/run_005,ok,,31500,74,74,1.0,final_population_feasible_nondominated,73.43088993172414,nan,nan,nan,0.1102296037216618,3.374546699982602
results/20260425_162709_benchmark_realworld_cre_3obj,CRE31,NSGA3,3543069911,results/20260425_162709_benchmark_realworld_cre_3obj/CRE31/NSGA3/run_006,ok,,31500,73,73,1.0,final_population_feasible_nondominated,72.99705815235899,nan,nan,nan,0.11938216980130988,3.623196200001985
results/20260425_162709_benchmark_realworld_cre_3obj,CRE31,NSGA3,3479688010,results/20260425_162709_benchmark_realworld_cre_3obj/CRE31/NSGA3/run_007,ok,,31500,75,75,1.0,final_population_feasible_nondominated,73.14623457778772,nan,nan,nan,0.0971942301638243,3.4319531999644823
results/20260425_162709_benchmark_realworld_cre_3obj,CRE31,NSGA3,877132087,results/20260425_162709_benchmark_realworld_cre_3obj/CRE31/NSGA3/run_008,ok,,31500,75,75,1.0,final_population_feasible_nondominated,73.12000549460711,nan,nan,nan,0.12811068911371779,3.151386099983938
results/20260425_162709_benchmark_realworld_cre_3obj,CRE31,NSGA3,1244265337,results/20260425_162709_benchmark_realworld_cre_3obj/CRE31/NSGA3/run_009,ok,,31500,75,75,1.0,final_population_feasible_nondominated,73.29812791455947,nan,nan,nan,0.11233341024450906,3.0085045999730937
results/20260425_162709_benchmark_realworld_cre_3obj,CRE31,NSGA3,2740186692,results/20260425_162709_benchmark_realworld_cre_3obj/CRE31/NSGA3/run_010,ok,,31500,72,72,1.0,final_population_feasible_nondominated,72.94587049435162,nan,nan,nan,0.110863920840268,3.048142799991183
results/20260425_162709_benchmark_realworld_cre_3obj,CRE31,NSGA3,3884972972,results/20260425_162709_benchmark_realworld_cre_3obj/CRE31/NSGA3/run_011,ok,,31500,75,75,1.0,final_population_feasible_nondominated,73.45125125779866,nan,nan,nan,0.1349575204940978,2.990930899977684
results/20260425_162709_benchmark_realworld_cre_3obj,CRE31,NSGA3,829139639,results/20260425_162709_benchmark_realworld_cre_3obj/CRE31/NSGA3/run_012,ok,,31500,74,74,1.0,final_population_feasible_nondominated,73.24177686225865,nan,nan,nan,0.11872307930732942,3.0302673000260256
results/20260425_162709_benchmark_realworld_cre_3obj,CRE31,NSGA3,2545567356,results/20260425_162709_benchmark_realworld_cre_3obj/CRE31/NSGA3/run_013,ok,,31500,73,73,1.0,final_population_feasible_nondominated,73.07224495162049,nan,nan,nan,0.11448884446201882,2.9883186999941245
results/20260425_162709_benchmark_realworld_cre_3obj,CRE31,NSGA3,2718398101,results/20260425_162709_benchmark_realworld_cre_3obj/CRE31/NSGA3/run_014,ok,,31500,74,74,1.0,final_population_feasible_nondominated,73.3586965646451,nan,nan,nan,0.11019553103533296,3.0550297999870963
results/20260425_162709_benchmark_realworld_cre_3obj,CRE31,NSGA3,176092387,results/20260425_162709_benchmark_realworld_cre_3obj/CRE31/NSGA3/run_015,ok,,31500,73,73,1.0,final_population_feasible_nondominated,73.06143711020694,nan,nan,nan,0.11839541619334044,3.066578399972059
results/20260425_162709_benchmark_realworld_cre_3obj,CRE31,NSGA3,3528048386,results/20260425_162709_benchmark_realworld_cre_3obj/CRE31/NSGA3/run_016,ok,,31500,74,74,1.0,final_population_feasible_nondominated,73.2458290282015,nan,nan,nan,0.10224651296968293,2.4937235999968834
results/20260425_162709_benchmark_realworld_cre_3obj,CRE31,NSGA3,569531098,results/20260425_162709_benchmark_realworld_cre_3obj/CRE31/NSGA3/run_017,ok,,31500,75,75,1.0,final_population_feasible_nondominated,73.25337515135232,nan,nan,nan,0.11926819482737688,2.749618300003931
results/20260425_162709_benchmark_realworld_cre_3obj,CRE31,NSGA3,1337295874,results/20260425_162709_benchmark_realworld_cre_3obj/CRE31/NSGA3/run_018,ok,,31500,73,73,1.0,final_population_feasible_nondominated,73.00240381707934,nan,nan,nan,0.1250195842648462,2.723361800017301
results/20260425_162709_benchmark_realworld_cre_3obj,CRE31,NSGA3,612016888,results/20260425_162709_benchmark_realworld_cre_3obj/CRE31/NSGA3/run_019,ok,,31500,75,75,1.0,final_population_feasible_nondominated,73.26514258798053,nan,nan,nan,0.13758407555368649,2.739579799992498
results/20260425_162709_benchmark_realworld_cre_3obj,CRE31,NSGA3,232150720,results/20260425_162709_benchmark_realworld_cre_3obj/CRE31/NSGA3/run_020,ok,,31500,75,75,1.0,final_population_feasible_nondominated,72.71931675110352,nan,nan,nan,0.11121734165731166,2.62918470002478
results/20260425_162709_benchmark_realworld_cre_3obj,CRE32,MOEAD,2684470948,results/20260425_162709_benchmark_realworld_cre_3obj/CRE32/MOEAD/run_000,ok,,31500,91,91,1.0,final_population_feasible_nondominated,618732329752.617,nan,nan,nan,75.44258311345943,7.713100699998904
results/20260425_162709_benchmark_realworld_cre_3obj,CRE32,MOEAD,4091952314,results/20260425_162709_benchmark_realworld_cre_3obj/CRE32/MOEAD/run_001,ok,,31500,91,91,1.0,final_population_feasible_nondominated,613676681676.8936,nan,nan,nan,70.72249951215413,7.591667100030463
results/20260425_162709_benchmark_realworld_cre_3obj,CRE32,MOEAD,233227757,results/20260425_162709_benchmark_realworld_cre_3obj/CRE32/MOEAD/run_002,ok,,31500,94,94,1.0,final_population_feasible_nondominated,611760549406.2635,nan,nan,nan,69.852872388032,7.504468600032851
results/20260425_162709_benchmark_realworld_cre_3obj,CRE32,MOEAD,3276785861,results/20260425_162709_benchmark_realworld_cre_3obj/CRE32/MOEAD/run_003,ok,,31500,85,85,1.0,final_population_feasible_nondominated,617965032505.5933,nan,nan,nan,73.45910505248732,7.668036000046413
results/20260425_162709_benchmark_realworld_cre_3obj,CRE32,MOEAD,3644269654,results/20260425_162709_benchmark_realworld_cre_3obj/CRE32/MOEAD/run_004,ok,,31500,95,95,1.0,final_population_feasible_nondominated,617254069706.601,nan,nan,nan,68.61245755393134,7.66791000001831
results/20260425_162709_benchmark_realworld_cre_3obj,CRE32,MOEAD,1206282609,results/20260425_162709_benchmark_realworld_cre_3obj/CRE32/MOEAD/run_005,ok,,31500,94,94,1.0,final_population_feasible_nondominated,617806385854.6389,nan,nan,nan,76.37325624443078,7.400827900040895
results/20260425_162709_benchmark_realworld_cre_3obj,CRE32,MOEAD,3543069911,results/20260425_162709_benchmark_realworld_cre_3obj/CRE32/MOEAD/run_006,ok,,31500,93,93,1.0,final_population_feasible_nondominated,618671757602.117,nan,nan,nan,78.01815208613256,7.467391999962274
results/20260425_162709_benchmark_realworld_cre_3obj,CRE32,MOEAD,3479688010,results/20260425_162709_benchmark_realworld_cre_3obj/CRE32/MOEAD/run_007,ok,,31500,86,86,1.0,final_population_feasible_nondominated,616566855286.084,nan,nan,nan,72.9392331630696,7.758924699970521
results/20260425_162709_benchmark_realworld_cre_3obj,CRE32,MOEAD,877132087,results/20260425_162709_benchmark_realworld_cre_3obj/CRE32/MOEAD/run_008,ok,,31500,94,94,1.0,final_population_feasible_nondominated,617765850804.2236,nan,nan,nan,67.41805655737748,8.109065100026783
results/20260425_162709_benchmark_realworld_cre_3obj,CRE32,MOEAD,1244265337,results/20260425_162709_benchmark_realworld_cre_3obj/CRE32/MOEAD/run_009,ok,,31500,94,94,1.0,final_population_feasible_nondominated,616185044396.3754,nan,nan,nan,65.15047231233264,8.226409199996851
results/20260425_162709_benchmark_realworld_cre_3obj,CRE32,MOEAD,2740186692,results/20260425_162709_benchmark_realworld_cre_3obj/CRE32/MOEAD/run_010,ok,,31500,90,90,1.0,final_population_feasible_nondominated,618044784234.0636,nan,nan,nan,75.48930062541659,8.34121879999293
results/20260425_162709_benchmark_realworld_cre_3obj,CRE32,MOEAD,3884972972,results/20260425_162709_benchmark_realworld_cre_3obj/CRE32/MOEAD/run_011,ok,,31500,93,93,1.0,final_population_feasible_nondominated,617969117008.6736,nan,nan,nan,67.25849413567629,8.30912770004943
results/20260425_162709_benchmark_realworld_cre_3obj,CRE32,MOEAD,829139639,results/20260425_162709_benchmark_realworld_cre_3obj/CRE32/MOEAD/run_012,ok,,31500,89,89,1.0,final_population_feasible_nondominated,616655139732.1456,nan,nan,nan,64.33137258593254,7.966934100026265
results/20260425_162709_benchmark_realworld_cre_3obj,CRE32,MOEAD,2545567356,results/20260425_162709_benchmark_realworld_cre_3obj/CRE32/MOEAD/run_013,ok,,31500,81,81,1.0,final_population_feasible_nondominated,618188832417.5546,nan,nan,nan,78.68488602211667,8.194676399987657
results/20260425_162709_benchmark_realworld_cre_3obj,CRE32,MOEAD,2718398101,results/20260425_162709_benchmark_realworld_cre_3obj/CRE32/MOEAD/run_014,ok,,31500,94,94,1.0,final_population_feasible_nondominated,615237693125.01,nan,nan,nan,68.73844045377845,8.211253899964504
results/20260425_162709_benchmark_realworld_cre_3obj,CRE32,MOEAD,176092387,results/20260425_162709_benchmark_realworld_cre_3obj/CRE32/MOEAD/run_015,ok,,31500,95,95,1.0,final_population_feasible_nondominated,618882360322.9862,nan,nan,nan,73.2036011990834,8.121588400041219
results/20260425_162709_benchmark_realworld_cre_3obj,CRE32,MOEAD,3528048386,results/20260425_162709_benchmark_realworld_cre_3obj/CRE32/MOEAD/run_016,ok,,31500,85,85,1.0,final_population_feasible_nondominated,617063523350.7684,nan,nan,nan,78.07170058893541,7.088965900009498
results/20260425_162709_benchmark_realworld_cre_3obj,CRE32,MOEAD,569531098,results/20260425_162709_benchmark_realworld_cre_3obj/CRE32/MOEAD/run_017,ok,,31500,94,94,1.0,final_population_feasible_nondominated,615272225683.7673,nan,nan,nan,64.023246660207,6.808819300029427
results/20260425_162709_benchmark_realworld_cre_3obj,CRE32,MOEAD,1337295874,results/20260425_162709_benchmark_realworld_cre_3obj/CRE32/MOEAD/run_018,ok,,31500,99,99,1.0,final_population_feasible_nondominated,617001262182.8296,nan,nan,nan,70.4160713546154,7.109328699996695
results/20260425_162709_benchmark_realworld_cre_3obj,CRE32,MOEAD,612016888,results/20260425_162709_benchmark_realworld_cre_3obj/CRE32/MOEAD/run_019,ok,,31500,83,83,1.0,final_population_feasible_nondominated,616694432112.0214,nan,nan,nan,75.08258306241036,7.128570700006094
results/20260425_162709_benchmark_realworld_cre_3obj,CRE32,MOEAD,232150720,results/20260425_162709_benchmark_realworld_cre_3obj/CRE32/MOEAD/run_020,ok,,31500,93,93,1.0,final_population_feasible_nondominated,617029623273.3098,nan,nan,nan,76.65762369769176,7.071020899980795
results/20260425_162709_benchmark_realworld_cre_3obj,CRE32,MOSADE,2684470948,results/20260425_162709_benchmark_realworld_cre_3obj/CRE32/MOSADE/run_000,ok,,31555,208,208,1.0,archive,591886593837.4318,nan,nan,nan,216.6595416371991,24.18488030001754
results/20260425_162709_benchmark_realworld_cre_3obj,CRE32,MOSADE,4091952314,results/20260425_162709_benchmark_realworld_cre_3obj/CRE32/MOSADE/run_001,ok,,31545,210,210,1.0,archive,592856988200.513,nan,nan,nan,55.52422469937717,23.34545490000164
results/20260425_162709_benchmark_realworld_cre_3obj,CRE32,MOSADE,233227757,results/20260425_162709_benchmark_realworld_cre_3obj/CRE32/MOSADE/run_002,ok,,31585,210,210,1.0,archive,599360731013.0156,nan,nan,nan,59.507401979698244,31.343020399974193
results/20260425_162709_benchmark_realworld_cre_3obj,CRE32,MOSADE,3276785861,results/20260425_162709_benchmark_realworld_cre_3obj/CRE32/MOSADE/run_003,ok,,31535,210,210,1.0,archive,591108975950.7854,nan,nan,nan,52.36987455900425,22.025089300004765
results/20260425_162709_benchmark_realworld_cre_3obj,CRE32,MOSADE,3644269654,results/20260425_162709_benchmark_realworld_cre_3obj/CRE32/MOSADE/run_004,ok,,31585,210,210,1.0,archive,602075138439.3241,nan,nan,nan,20.64505489549199,20.54358100000536
results/20260425_162709_benchmark_realworld_cre_3obj,CRE32,MOSADE,1206282609,results/20260425_162709_benchmark_realworld_cre_3obj/CRE32/MOSADE/run_005,ok,,31565,210,210,1.0,archive,596739171772.6234,nan,nan,nan,39.69132644814872,26.071524099970702
results/20260425_162709_benchmark_realworld_cre_3obj,CRE32,MOSADE,3543069911,results/20260425_162709_benchmark_realworld_cre_3obj/CRE32/MOSADE/run_006,ok,,31535,210,210,1.0,archive,586884275368.1501,nan,nan,nan,65.56172998309941,20.97296689997893
results/20260425_162709_benchmark_realworld_cre_3obj,CRE32,MOSADE,3479688010,results/20260425_162709_benchmark_realworld_cre_3obj/CRE32/MOSADE/run_007,ok,,31555,207,207,1.0,archive,605382185532.9661,nan,nan,nan,32.239561364356796,26.071710899996106
results/20260425_162709_benchmark_realworld_cre_3obj,CRE32,MOSADE,877132087,results/20260425_162709_benchmark_realworld_cre_3obj/CRE32/MOSADE/run_008,ok,,31555,210,210,1.0,archive,603239826322.0885,nan,nan,nan,130.26446039884456,24.848122099996544
results/20260425_162709_benchmark_realworld_cre_3obj,CRE32,MOSADE,1244265337,results/20260425_162709_benchmark_realworld_cre_3obj/CRE32/MOSADE/run_009,ok,,31555,209,209,1.0,archive,594619971422.2452,nan,nan,nan,61.28463862989626,18.47428540000692
results/20260425_162709_benchmark_realworld_cre_3obj,CRE32,MOSADE,2740186692,results/20260425_162709_benchmark_realworld_cre_3obj/CRE32/MOSADE/run_010,ok,,31565,210,210,1.0,archive,604972234512.5095,nan,nan,nan,124.71611127190369,25.07508710003458
results/20260425_162709_benchmark_realworld_cre_3obj,CRE32,MOSADE,3884972972,results/20260425_162709_benchmark_realworld_cre_3obj/CRE32/MOSADE/run_011,ok,,31545,210,210,1.0,archive,602876190352.2278,nan,nan,nan,121.97901764737527,21.820958100026473
results/20260425_162709_benchmark_realworld_cre_3obj,CRE32,MOSADE,829139639,results/20260425_162709_benchmark_realworld_cre_3obj/CRE32/MOSADE/run_012,ok,,31565,210,210,1.0,archive,605823695898.926,nan,nan,nan,182.07205970221943,21.99827829998685
results/20260425_162709_benchmark_realworld_cre_3obj,CRE32,MOSADE,2545567356,results/20260425_162709_benchmark_realworld_cre_3obj/CRE32/MOSADE/run_013,ok,,31555,210,210,1.0,archive,596644550190.361,nan,nan,nan,63.81473265911937,21.725347200001124
results/20260425_162709_benchmark_realworld_cre_3obj,CRE32,MOSADE,2718398101,results/20260425_162709_benchmark_realworld_cre_3obj/CRE32/MOSADE/run_014,ok,,31555,202,202,1.0,archive,592244998494.041,nan,nan,nan,57.144167617524275,24.557976999960374
results/20260425_162709_benchmark_realworld_cre_3obj,CRE32,MOSADE,176092387,results/20260425_162709_benchmark_realworld_cre_3obj/CRE32/MOSADE/run_015,ok,,31545,210,210,1.0,archive,598911633499.2789,nan,nan,nan,51.20130081623575,24.06117980001727
results/20260425_162709_benchmark_realworld_cre_3obj,CRE32,MOSADE,3528048386,results/20260425_162709_benchmark_realworld_cre_3obj/CRE32/MOSADE/run_016,ok,,31545,210,210,1.0,archive,597019147399.8746,nan,nan,nan,74.12375315524405,18.924534099991433
results/20260425_162709_benchmark_realworld_cre_3obj,CRE32,MOSADE,569531098,results/20260425_162709_benchmark_realworld_cre_3obj/CRE32/MOSADE/run_017,ok,,31575,210,210,1.0,archive,604222364457.4097,nan,nan,nan,42.85614623175848,21.660855699970853
results/20260425_162709_benchmark_realworld_cre_3obj,CRE32,MOSADE,1337295874,results/20260425_162709_benchmark_realworld_cre_3obj/CRE32/MOSADE/run_018,ok,,31555,210,210,1.0,archive,591623447176.283,nan,nan,nan,53.260070207134596,17.843747900042217
results/20260425_162709_benchmark_realworld_cre_3obj,CRE32,MOSADE,612016888,results/20260425_162709_benchmark_realworld_cre_3obj/CRE32/MOSADE/run_019,ok,,31565,210,210,1.0,archive,603450987461.6837,nan,nan,nan,195.15967746531695,21.217551699955948
results/20260425_162709_benchmark_realworld_cre_3obj,CRE32,MOSADE,232150720,results/20260425_162709_benchmark_realworld_cre_3obj/CRE32/MOSADE/run_020,ok,,31565,210,210,1.0,archive,610237324562.8116,nan,nan,nan,89.39333593790467,18.147712000005413
results/20260425_162709_benchmark_realworld_cre_3obj,CRE32,NSGA2,2684470948,results/20260425_162709_benchmark_realworld_cre_3obj/CRE32/NSGA2/run_000,ok,,31588,106,106,1.0,final_population_feasible_nondominated,613826617641.3168,nan,nan,nan,25.255750374952612,62.63150900002802
results/20260425_162709_benchmark_realworld_cre_3obj,CRE32,NSGA2,4091952314,results/20260425_162709_benchmark_realworld_cre_3obj/CRE32/NSGA2/run_001,ok,,31588,106,106,1.0,final_population_feasible_nondominated,614308705130.6589,nan,nan,nan,37.5732011407052,59.13174009998329
results/20260425_162709_benchmark_realworld_cre_3obj,CRE32,NSGA2,233227757,results/20260425_162709_benchmark_realworld_cre_3obj/CRE32/NSGA2/run_002,ok,,31588,106,106,1.0,final_population_feasible_nondominated,617088049602.0558,nan,nan,nan,27.339158948745844,60.84240339999087
results/20260425_162709_benchmark_realworld_cre_3obj,CRE32,NSGA2,3276785861,results/20260425_162709_benchmark_realworld_cre_3obj/CRE32/NSGA2/run_003,ok,,31588,106,106,1.0,final_population_feasible_nondominated,610857796634.4211,nan,nan,nan,20.300448554561857,67.01473409996834
results/20260425_162709_benchmark_realworld_cre_3obj,CRE32,NSGA2,3644269654,results/20260425_162709_benchmark_realworld_cre_3obj/CRE32/NSGA2/run_004,ok,,31588,106,106,1.0,final_population_feasible_nondominated,566977273772.4723,nan,nan,nan,25.191558439483877,60.09013930003857
results/20260425_162709_benchmark_realworld_cre_3obj,CRE32,NSGA2,1206282609,results/20260425_162709_benchmark_realworld_cre_3obj/CRE32/NSGA2/run_005,ok,,31588,106,106,1.0,final_population_feasible_nondominated,619047884184.8157,nan,nan,nan,33.127480757425914,60.109928100020625
results/20260425_162709_benchmark_realworld_cre_3obj,CRE32,NSGA2,3543069911,results/20260425_162709_benchmark_realworld_cre_3obj/CRE32/NSGA2/run_006,ok,,31588,106,106,1.0,final_population_feasible_nondominated,593902350720.4502,nan,nan,nan,21.81386420179097,65.64168950001476
results/20260425_162709_benchmark_realworld_cre_3obj,CRE32,NSGA2,3479688010,results/20260425_162709_benchmark_realworld_cre_3obj/CRE32/NSGA2/run_007,ok,,31588,106,106,1.0,final_population_feasible_nondominated,619220163057.1406,nan,nan,nan,35.747875163866524,59.03754059999483
results/20260425_162709_benchmark_realworld_cre_3obj,CRE32,NSGA2,877132087,results/20260425_162709_benchmark_realworld_cre_3obj/CRE32/NSGA2/run_008,ok,,31588,106,106,1.0,final_population_feasible_nondominated,617869023417.6974,nan,nan,nan,33.26947480556236,60.918077200010885
results/20260425_162709_benchmark_realworld_cre_3obj,CRE32,NSGA2,1244265337,results/20260425_162709_benchmark_realworld_cre_3obj/CRE32/NSGA2/run_009,ok,,31588,106,106,1.0,final_population_feasible_nondominated,612828330159.6865,nan,nan,nan,36.77321614827365,61.2039109999896
results/20260425_162709_benchmark_realworld_cre_3obj,CRE32,NSGA2,2740186692,results/20260425_162709_benchmark_realworld_cre_3obj/CRE32/NSGA2/run_010,ok,,31588,106,106,1.0,final_population_feasible_nondominated,618139513141.2351,nan,nan,nan,36.33820162460144,61.49966680002399
results/20260425_162709_benchmark_realworld_cre_3obj,CRE32,NSGA2,3884972972,results/20260425_162709_benchmark_realworld_cre_3obj/CRE32/NSGA2/run_011,ok,,31588,106,106,1.0,final_population_feasible_nondominated,617130773960.5447,nan,nan,nan,31.211475670952773,62.82584100001259
results/20260425_162709_benchmark_realworld_cre_3obj,CRE32,NSGA2,829139639,results/20260425_162709_benchmark_realworld_cre_3obj/CRE32/NSGA2/run_012,ok,,31588,106,106,1.0,final_population_feasible_nondominated,580805694285.1487,nan,nan,nan,39.508091954380994,61.36197859997628
results/20260425_162709_benchmark_realworld_cre_3obj,CRE32,NSGA2,2545567356,results/20260425_162709_benchmark_realworld_cre_3obj/CRE32/NSGA2/run_013,ok,,31588,106,106,1.0,final_population_feasible_nondominated,612754145236.7579,nan,nan,nan,23.789227644173607,64.55608280003071
results/20260425_162709_benchmark_realworld_cre_3obj,CRE32,NSGA2,2718398101,results/20260425_162709_benchmark_realworld_cre_3obj/CRE32/NSGA2/run_014,ok,,31588,106,106,1.0,final_population_feasible_nondominated,614911823181.3756,nan,nan,nan,29.21490275075482,63.07662850001361
results/20260425_162709_benchmark_realworld_cre_3obj,CRE32,NSGA2,176092387,results/20260425_162709_benchmark_realworld_cre_3obj/CRE32/NSGA2/run_015,ok,,31588,106,106,1.0,final_population_feasible_nondominated,556714081533.025,nan,nan,nan,25.88459511053784,60.205620699969586
results/20260425_162709_benchmark_realworld_cre_3obj,CRE32,NSGA2,3528048386,results/20260425_162709_benchmark_realworld_cre_3obj/CRE32/NSGA2/run_016,ok,,31588,106,106,1.0,final_population_feasible_nondominated,603337003236.6545,nan,nan,nan,26.80403648224354,51.48936050001066
results/20260425_162709_benchmark_realworld_cre_3obj,CRE32,NSGA2,569531098,results/20260425_162709_benchmark_realworld_cre_3obj/CRE32/NSGA2/run_017,ok,,31588,106,106,1.0,final_population_feasible_nondominated,615026906349.8317,nan,nan,nan,29.308370344138527,50.34103010001127
results/20260425_162709_benchmark_realworld_cre_3obj,CRE32,NSGA2,1337295874,results/20260425_162709_benchmark_realworld_cre_3obj/CRE32/NSGA2/run_018,ok,,31588,106,106,1.0,final_population_feasible_nondominated,612808029886.7042,nan,nan,nan,40.77166404231487,50.93039310001768
results/20260425_162709_benchmark_realworld_cre_3obj,CRE32,NSGA2,612016888,results/20260425_162709_benchmark_realworld_cre_3obj/CRE32/NSGA2/run_019,ok,,31588,106,106,1.0,final_population_feasible_nondominated,614420892764.1561,nan,nan,nan,24.45634315347756,51.2995562000433
results/20260425_162709_benchmark_realworld_cre_3obj,CRE32,NSGA2,232150720,results/20260425_162709_benchmark_realworld_cre_3obj/CRE32/NSGA2/run_020,ok,,31588,106,106,1.0,final_population_feasible_nondominated,608880831777.5219,nan,nan,nan,25.801631345741797,51.586428899958264
results/20260425_162709_benchmark_realworld_cre_3obj,CRE32,NSGA3,2684470948,results/20260425_162709_benchmark_realworld_cre_3obj/CRE32/NSGA3/run_000,ok,,31500,14,14,1.0,final_population_feasible_nondominated,608772154520.9532,nan,nan,nan,41.335102732293194,2.7718217999790795
results/20260425_162709_benchmark_realworld_cre_3obj,CRE32,NSGA3,4091952314,results/20260425_162709_benchmark_realworld_cre_3obj/CRE32/NSGA3/run_001,ok,,31500,24,24,1.0,final_population_feasible_nondominated,582265039337.5751,nan,nan,nan,76.12635239361595,2.691539300023578
results/20260425_162709_benchmark_realworld_cre_3obj,CRE32,NSGA3,233227757,results/20260425_162709_benchmark_realworld_cre_3obj/CRE32/NSGA3/run_002,ok,,31500,21,21,1.0,final_population_feasible_nondominated,608468767689.4833,nan,nan,nan,93.3138741128537,2.8363494999939576
results/20260425_162709_benchmark_realworld_cre_3obj,CRE32,NSGA3,3276785861,results/20260425_162709_benchmark_realworld_cre_3obj/CRE32/NSGA3/run_003,ok,,31500,31,31,1.0,final_population_feasible_nondominated,498705670041.93024,nan,nan,nan,40.02100084901466,2.8466744999750517
results/20260425_162709_benchmark_realworld_cre_3obj,CRE32,NSGA3,3644269654,results/20260425_162709_benchmark_realworld_cre_3obj/CRE32/NSGA3/run_004,ok,,31500,23,23,1.0,final_population_feasible_nondominated,601196751390.5989,nan,nan,nan,83.83452507251714,2.6652318999986164
results/20260425_162709_benchmark_realworld_cre_3obj,CRE32,NSGA3,1206282609,results/20260425_162709_benchmark_realworld_cre_3obj/CRE32/NSGA3/run_005,ok,,31500,25,25,1.0,final_population_feasible_nondominated,611639439899.769,nan,nan,nan,61.857883170265204,2.717187600035686
results/20260425_162709_benchmark_realworld_cre_3obj,CRE32,NSGA3,3543069911,results/20260425_162709_benchmark_realworld_cre_3obj/CRE32/NSGA3/run_006,ok,,31500,25,25,1.0,final_population_feasible_nondominated,598999656547.3632,nan,nan,nan,51.568698553092744,2.736364800017327
results/20260425_162709_benchmark_realworld_cre_3obj,CRE32,NSGA3,3479688010,results/20260425_162709_benchmark_realworld_cre_3obj/CRE32/NSGA3/run_007,ok,,31500,20,20,1.0,final_population_feasible_nondominated,605566833758.8931,nan,nan,nan,102.51636880887649,2.616860300011467
results/20260425_162709_benchmark_realworld_cre_3obj,CRE32,NSGA3,877132087,results/20260425_162709_benchmark_realworld_cre_3obj/CRE32/NSGA3/run_008,ok,,31500,21,21,1.0,final_population_feasible_nondominated,608911528841.0219,nan,nan,nan,94.02898024543734,2.880193099961616
results/20260425_162709_benchmark_realworld_cre_3obj,CRE32,NSGA3,1244265337,results/20260425_162709_benchmark_realworld_cre_3obj/CRE32/NSGA3/run_009,ok,,31500,26,26,1.0,final_population_feasible_nondominated,604855719585.4203,nan,nan,nan,61.02691624157699,2.7975919999880716
results/20260425_162709_benchmark_realworld_cre_3obj,CRE32,NSGA3,2740186692,results/20260425_162709_benchmark_realworld_cre_3obj/CRE32/NSGA3/run_010,ok,,31500,19,19,1.0,final_population_feasible_nondominated,609322834814.6681,nan,nan,nan,98.44726848663255,2.8971908000530675
results/20260425_162709_benchmark_realworld_cre_3obj,CRE32,NSGA3,3884972972,results/20260425_162709_benchmark_realworld_cre_3obj/CRE32/NSGA3/run_011,ok,,31500,27,27,1.0,final_population_feasible_nondominated,579585664552.5249,nan,nan,nan,77.56544395983681,2.866398499987554
results/20260425_162709_benchmark_realworld_cre_3obj,CRE32,NSGA3,829139639,results/20260425_162709_benchmark_realworld_cre_3obj/CRE32/NSGA3/run_012,ok,,31500,43,43,1.0,final_population_feasible_nondominated,520316680742.2871,nan,nan,nan,36.260652981751214,2.7520510000176728
results/20260425_162709_benchmark_realworld_cre_3obj,CRE32,NSGA3,2545567356,results/20260425_162709_benchmark_realworld_cre_3obj/CRE32/NSGA3/run_013,ok,,31500,14,14,1.0,final_population_feasible_nondominated,604362022578.7917,nan,nan,nan,43.38278626547609,2.940035000036005
results/20260425_162709_benchmark_realworld_cre_3obj,CRE32,NSGA3,2718398101,results/20260425_162709_benchmark_realworld_cre_3obj/CRE32/NSGA3/run_014,ok,,31500,22,22,1.0,final_population_feasible_nondominated,576044575587.9286,nan,nan,nan,77.02558932955229,3.0023341000196524
results/20260425_162709_benchmark_realworld_cre_3obj,CRE32,NSGA3,176092387,results/20260425_162709_benchmark_realworld_cre_3obj/CRE32/NSGA3/run_015,ok,,31500,20,20,1.0,final_population_feasible_nondominated,610188235560.8391,nan,nan,nan,83.43976449390148,3.025024399976246
results/20260425_162709_benchmark_realworld_cre_3obj,CRE32,NSGA3,3528048386,results/20260425_162709_benchmark_realworld_cre_3obj/CRE32/NSGA3/run_016,ok,,31500,20,20,1.0,final_population_feasible_nondominated,609920542659.3651,nan,nan,nan,84.51251804361907,2.615607000014279
results/20260425_162709_benchmark_realworld_cre_3obj,CRE32,NSGA3,569531098,results/20260425_162709_benchmark_realworld_cre_3obj/CRE32/NSGA3/run_017,ok,,31500,19,19,1.0,final_population_feasible_nondominated,560616737142.0903,nan,nan,nan,75.9244643678642,2.668538300029468
results/20260425_162709_benchmark_realworld_cre_3obj,CRE32,NSGA3,1337295874,results/20260425_162709_benchmark_realworld_cre_3obj/CRE32/NSGA3/run_018,ok,,31500,25,25,1.0,final_population_feasible_nondominated,606515912238.8896,nan,nan,nan,91.1434575767611,2.4247968000127003
results/20260425_162709_benchmark_realworld_cre_3obj,CRE32,NSGA3,612016888,results/20260425_162709_benchmark_realworld_cre_3obj/CRE32/NSGA3/run_019,ok,,31500,14,14,1.0,final_population_feasible_nondominated,607971342504.4312,nan,nan,nan,40.59310802350849,2.600231899996288
results/20260425_162709_benchmark_realworld_cre_3obj,CRE32,NSGA3,232150720,results/20260425_162709_benchmark_realworld_cre_3obj/CRE32/NSGA3/run_020,ok,,31500,14,14,1.0,final_population_feasible_nondominated,606862978621.3613,nan,nan,nan,66.24930808615333,2.43774459999986
