problem,metric,reference_algorithm,comparison_algorithm,direction,paired_or_unpaired,test_name,statistic,p_value,effect_size_name,effect_size,n_reference,n_comparison,unsupported_policy,missing_policy,seed_pairing_policy
DASCMOP7_difficulty7,hv,MOSADE,MOSADE_domselect,higher,paired,wilcoxon_signed_rank,56.0,5.613267421722412e-05,cliffs_delta_comparison_minus_reference,-0.6149843912591051,31,31,excluded_as_NA,excluded_and_counted,same_seed_when_complete
DASCMOP7_difficulty7,hv,MOSADE,MOSADE_eps_zero,higher,paired,wilcoxon_signed_rank,0.0,nan,cliffs_delta_comparison_minus_reference,0.0,31,31,excluded_as_NA,excluded_and_counted,same_seed_when_complete
DASCMOP7_difficulty7,hv,MOSADE,MOSADE_fixed_eps,higher,paired,wilcoxon_signed_rank,0.0,nan,cliffs_delta_comparison_minus_reference,0.0,31,31,excluded_as_NA,excluded_and_counted,same_seed_when_complete
DASCMOP7_difficulty7,hv,MOSADE,MOSADE_fixed_eps_initial,higher,paired,wilcoxon_signed_rank,0.0,nan,cliffs_delta_comparison_minus_reference,0.0,31,31,excluded_as_NA,excluded_and_counted,same_seed_when_complete
DASCMOP7_difficulty7,hv,MOSADE,MOSADE_no_restart,higher,paired,wilcoxon_signed_rank,130.0,0.019774673506617546,cliffs_delta_comparison_minus_reference,0.37356919875130074,31,31,excluded_as_NA,excluded_and_counted,same_seed_when_complete
DASCMOP7_difficulty7,hv,MOSADE,MOSADE_shared_memory,higher,paired,wilcoxon_signed_rank,202.0,0.3777303956449032,cliffs_delta_comparison_minus_reference,-0.07388137356919876,31,31,excluded_as_NA,excluded_and_counted,same_seed_when_complete
DASCMOP7_difficulty7,hv,MOSADE,MOSADE_single_S1,higher,paired,wilcoxon_signed_rank,83.0,0.0007640225812792778,cliffs_delta_comparison_minus_reference,-0.5213319458896982,31,31,excluded_as_NA,excluded_and_counted,same_seed_when_complete
DASCMOP7_difficulty7,hv,MOSADE,MOSADE_single_S2,higher,paired,wilcoxon_signed_rank,68.0,0.00019535142928361893,cliffs_delta_comparison_minus_reference,0.4672216441207076,31,31,excluded_as_NA,excluded_and_counted,same_seed_when_complete
DASCMOP7_difficulty7,hv,MOSADE,MOSADE_single_S3,higher,paired,wilcoxon_signed_rank,0.0,9.313225746154785e-10,cliffs_delta_comparison_minus_reference,-1.0,31,31,excluded_as_NA,excluded_and_counted,same_seed_when_complete
DASCMOP7_difficulty7,hv,MOSADE,MOSADE_single_S4,higher,paired,wilcoxon_signed_rank,180.0,0.18865238688886166,cliffs_delta_comparison_minus_reference,0.20915712799167535,31,31,excluded_as_NA,excluded_and_counted,same_seed_when_complete
DASCMOP7_difficulty7,hv,MOSADE,MOSADE_uniform_strategy,higher,paired,wilcoxon_signed_rank,92.0,0.001587800681591034,cliffs_delta_comparison_minus_reference,-0.4505723204994797,31,31,excluded_as_NA,excluded_and_counted,same_seed_when_complete
DASCMOP7_difficulty7,igd,MOSADE,MOSADE_domselect,lower,paired,wilcoxon_signed_rank,0.0,9.313225746154785e-10,cliffs_delta_comparison_minus_reference,0.9791883454734651,31,31,excluded_as_NA,excluded_and_counted,same_seed_when_complete
DASCMOP7_difficulty7,igd,MOSADE,MOSADE_eps_zero,lower,paired,wilcoxon_signed_rank,0.0,nan,cliffs_delta_comparison_minus_reference,0.0,31,31,excluded_as_NA,excluded_and_counted,same_seed_when_complete
DASCMOP7_difficulty7,igd,MOSADE,MOSADE_fixed_eps,lower,paired,wilcoxon_signed_rank,0.0,nan,cliffs_delta_comparison_minus_reference,0.0,31,31,excluded_as_NA,excluded_and_counted,same_seed_when_complete
DASCMOP7_difficulty7,igd,MOSADE,MOSADE_fixed_eps_initial,lower,paired,wilcoxon_signed_rank,0.0,nan,cliffs_delta_comparison_minus_reference,0.0,31,31,excluded_as_NA,excluded_and_counted,same_seed_when_complete
DASCMOP7_difficulty7,igd,MOSADE,MOSADE_no_restart,lower,paired,wilcoxon_signed_rank,223.0,0.635700810700655,cliffs_delta_comparison_minus_reference,0.06971904266389178,31,31,excluded_as_NA,excluded_and_counted,same_seed_when_complete
DASCMOP7_difficulty7,igd,MOSADE,MOSADE_shared_memory,lower,paired,wilcoxon_signed_rank,170.0,0.13016566075384617,cliffs_delta_comparison_minus_reference,0.2154006243496358,31,31,excluded_as_NA,excluded_and_counted,same_seed_when_complete
DASCMOP7_difficulty7,igd,MOSADE,MOSADE_single_S1,lower,paired,wilcoxon_signed_rank,164.0,0.10233690217137337,cliffs_delta_comparison_minus_reference,0.3090530697190427,31,31,excluded_as_NA,excluded_and_counted,same_seed_when_complete
DASCMOP7_difficulty7,igd,MOSADE,MOSADE_single_S2,lower,paired,wilcoxon_signed_rank,141.0,0.0355817461386323,cliffs_delta_comparison_minus_reference,0.2924037460978148,31,31,excluded_as_NA,excluded_and_counted,same_seed_when_complete
DASCMOP7_difficulty7,igd,MOSADE,MOSADE_single_S3,lower,paired,wilcoxon_signed_rank,0.0,9.313225746154785e-10,cliffs_delta_comparison_minus_reference,1.0,31,31,excluded_as_NA,excluded_and_counted,same_seed_when_complete
DASCMOP7_difficulty7,igd,MOSADE,MOSADE_single_S4,lower,paired,wilcoxon_signed_rank,192.0,0.28106469474732876,cliffs_delta_comparison_minus_reference,0.11966701352757544,31,31,excluded_as_NA,excluded_and_counted,same_seed_when_complete
DASCMOP7_difficulty7,igd,MOSADE,MOSADE_uniform_strategy,lower,paired,wilcoxon_signed_rank,181.0,0.1953968871384859,cliffs_delta_comparison_minus_reference,0.18002081165452655,31,31,excluded_as_NA,excluded_and_counted,same_seed_when_complete
DASCMOP7_difficulty7,igd_plus,MOSADE,MOSADE_domselect,lower,paired,wilcoxon_signed_rank,0.0,9.313225746154785e-10,cliffs_delta_comparison_minus_reference,1.0,31,31,excluded_as_NA,excluded_and_counted,same_seed_when_complete
DASCMOP7_difficulty7,igd_plus,MOSADE,MOSADE_eps_zero,lower,paired,wilcoxon_signed_rank,0.0,nan,cliffs_delta_comparison_minus_reference,0.0,31,31,excluded_as_NA,excluded_and_counted,same_seed_when_complete
DASCMOP7_difficulty7,igd_plus,MOSADE,MOSADE_fixed_eps,lower,paired,wilcoxon_signed_rank,0.0,nan,cliffs_delta_comparison_minus_reference,0.0,31,31,excluded_as_NA,excluded_and_counted,same_seed_when_complete
DASCMOP7_difficulty7,igd_plus,MOSADE,MOSADE_fixed_eps_initial,lower,paired,wilcoxon_signed_rank,0.0,nan,cliffs_delta_comparison_minus_reference,0.0,31,31,excluded_as_NA,excluded_and_counted,same_seed_when_complete
DASCMOP7_difficulty7,igd_plus,MOSADE,MOSADE_no_restart,lower,paired,wilcoxon_signed_rank,166.0,0.111049959436059,cliffs_delta_comparison_minus_reference,-0.2278876170655567,31,31,excluded_as_NA,excluded_and_counted,same_seed_when_complete
DASCMOP7_difficulty7,igd_plus,MOSADE,MOSADE_shared_memory,lower,paired,wilcoxon_signed_rank,111.0,0.006217258051037788,cliffs_delta_comparison_minus_reference,0.36524453694068676,31,31,excluded_as_NA,excluded_and_counted,same_seed_when_complete
DASCMOP7_difficulty7,igd_plus,MOSADE,MOSADE_single_S1,lower,paired,wilcoxon_signed_rank,75.0,0.000378243625164032,cliffs_delta_comparison_minus_reference,0.558792924037461,31,31,excluded_as_NA,excluded_and_counted,same_seed_when_complete
DASCMOP7_difficulty7,igd_plus,MOSADE,MOSADE_single_S2,lower,paired,wilcoxon_signed_rank,206.0,0.42137710005044937,cliffs_delta_comparison_minus_reference,0.11342351716961499,31,31,excluded_as_NA,excluded_and_counted,same_seed_when_complete
DASCMOP7_difficulty7,igd_plus,MOSADE,MOSADE_single_S3,lower,paired,wilcoxon_signed_rank,0.0,9.313225746154785e-10,cliffs_delta_comparison_minus_reference,1.0,31,31,excluded_as_NA,excluded_and_counted,same_seed_when_complete
DASCMOP7_difficulty7,igd_plus,MOSADE,MOSADE_single_S4,lower,paired,wilcoxon_signed_rank,224.0,0.6495812004432082,cliffs_delta_comparison_minus_reference,0.08220603537981269,31,31,excluded_as_NA,excluded_and_counted,same_seed_when_complete
DASCMOP7_difficulty7,igd_plus,MOSADE,MOSADE_uniform_strategy,lower,paired,wilcoxon_signed_rank,180.0,0.18865238688886166,cliffs_delta_comparison_minus_reference,0.24037460978147762,31,31,excluded_as_NA,excluded_and_counted,same_seed_when_complete
DASCMOP7_difficulty7,gd,MOSADE,MOSADE_domselect,lower,paired,wilcoxon_signed_rank,0.0,9.313225746154785e-10,cliffs_delta_comparison_minus_reference,0.9979188345473465,31,31,excluded_as_NA,excluded_and_counted,same_seed_when_complete
DASCMOP7_difficulty7,gd,MOSADE,MOSADE_eps_zero,lower,paired,wilcoxon_signed_rank,0.0,nan,cliffs_delta_comparison_minus_reference,0.0,31,31,excluded_as_NA,excluded_and_counted,same_seed_when_complete
DASCMOP7_difficulty7,gd,MOSADE,MOSADE_fixed_eps,lower,paired,wilcoxon_signed_rank,0.0,nan,cliffs_delta_comparison_minus_reference,0.0,31,31,excluded_as_NA,excluded_and_counted,same_seed_when_complete
DASCMOP7_difficulty7,gd,MOSADE,MOSADE_fixed_eps_initial,lower,paired,wilcoxon_signed_rank,0.0,nan,cliffs_delta_comparison_minus_reference,0.0,31,31,excluded_as_NA,excluded_and_counted,same_seed_when_complete
DASCMOP7_difficulty7,gd,MOSADE,MOSADE_no_restart,lower,paired,wilcoxon_signed_rank,133.0,0.023342357017099857,cliffs_delta_comparison_minus_reference,-0.31321540062434966,31,31,excluded_as_NA,excluded_and_counted,same_seed_when_complete
DASCMOP7_difficulty7,gd,MOSADE,MOSADE_shared_memory,lower,paired,wilcoxon_signed_rank,143.0,0.03935616556555033,cliffs_delta_comparison_minus_reference,0.25494276795005205,31,31,excluded_as_NA,excluded_and_counted,same_seed_when_complete
DASCMOP7_difficulty7,gd,MOSADE,MOSADE_single_S1,lower,paired,wilcoxon_signed_rank,96.0,0.0021575288847088814,cliffs_delta_comparison_minus_reference,0.48595213319458896,31,31,excluded_as_NA,excluded_and_counted,same_seed_when_complete
DASCMOP7_difficulty7,gd,MOSADE,MOSADE_single_S2,lower,paired,wilcoxon_signed_rank,245.0,0.9614869365468621,cliffs_delta_comparison_minus_reference,-0.007284079084287201,31,31,excluded_as_NA,excluded_and_counted,same_seed_when_complete
DASCMOP7_difficulty7,gd,MOSADE,MOSADE_single_S3,lower,paired,wilcoxon_signed_rank,0.0,9.313225746154785e-10,cliffs_delta_comparison_minus_reference,1.0,31,31,excluded_as_NA,excluded_and_counted,same_seed_when_complete
DASCMOP7_difficulty7,gd,MOSADE,MOSADE_single_S4,lower,paired,wilcoxon_signed_rank,177.0,0.16942174453288317,cliffs_delta_comparison_minus_reference,-0.186264308012487,31,31,excluded_as_NA,excluded_and_counted,same_seed_when_complete
DASCMOP7_difficulty7,gd,MOSADE,MOSADE_uniform_strategy,lower,paired,wilcoxon_signed_rank,189.0,0.25557575561106205,cliffs_delta_comparison_minus_reference,0.08220603537981269,31,31,excluded_as_NA,excluded_and_counted,same_seed_when_complete
DASCMOP7_difficulty7,spread,MOSADE,MOSADE_domselect,lower,paired,wilcoxon_signed_rank,182.0,0.20231117121875286,cliffs_delta_comparison_minus_reference,0.21956295525494277,31,31,excluded_as_NA,excluded_and_counted,same_seed_when_complete
DASCMOP7_difficulty7,spread,MOSADE,MOSADE_eps_zero,lower,paired,wilcoxon_signed_rank,0.0,nan,cliffs_delta_comparison_minus_reference,0.0,31,31,excluded_as_NA,excluded_and_counted,same_seed_when_complete
DASCMOP7_difficulty7,spread,MOSADE,MOSADE_fixed_eps,lower,paired,wilcoxon_signed_rank,0.0,nan,cliffs_delta_comparison_minus_reference,0.0,31,31,excluded_as_NA,excluded_and_counted,same_seed_when_complete
DASCMOP7_difficulty7,spread,MOSADE,MOSADE_fixed_eps_initial,lower,paired,wilcoxon_signed_rank,0.0,nan,cliffs_delta_comparison_minus_reference,0.0,31,31,excluded_as_NA,excluded_and_counted,same_seed_when_complete
DASCMOP7_difficulty7,spread,MOSADE,MOSADE_no_restart,lower,paired,wilcoxon_signed_rank,211.0,0.4797733975574374,cliffs_delta_comparison_minus_reference,-0.10093652445369407,31,31,excluded_as_NA,excluded_and_counted,same_seed_when_complete
DASCMOP7_difficulty7,spread,MOSADE,MOSADE_shared_memory,lower,paired,wilcoxon_signed_rank,192.0,0.28106469474732876,cliffs_delta_comparison_minus_reference,-0.22580645161290322,31,31,excluded_as_NA,excluded_and_counted,same_seed_when_complete
DASCMOP7_difficulty7,spread,MOSADE,MOSADE_single_S1,lower,paired,wilcoxon_signed_rank,234.0,0.7942198486998677,cliffs_delta_comparison_minus_reference,-0.05723204994797086,31,31,excluded_as_NA,excluded_and_counted,same_seed_when_complete
DASCMOP7_difficulty7,spread,MOSADE,MOSADE_single_S2,lower,paired,wilcoxon_signed_rank,226.0,0.6776954075321555,cliffs_delta_comparison_minus_reference,-0.02809573361082206,31,31,excluded_as_NA,excluded_and_counted,same_seed_when_complete
DASCMOP7_difficulty7,spread,MOSADE,MOSADE_single_S3,lower,paired,wilcoxon_signed_rank,11.0,5.122274160385132e-08,cliffs_delta_comparison_minus_reference,0.8168574401664932,31,31,excluded_as_NA,excluded_and_counted,same_seed_when_complete
DASCMOP7_difficulty7,spread,MOSADE,MOSADE_single_S4,lower,paired,wilcoxon_signed_rank,185.0,0.2240869216620922,cliffs_delta_comparison_minus_reference,-0.18210197710718,31,31,excluded_as_NA,excluded_and_counted,same_seed_when_complete
DASCMOP7_difficulty7,spread,MOSADE,MOSADE_uniform_strategy,lower,paired,wilcoxon_signed_rank,132.0,0.022097455337643623,cliffs_delta_comparison_minus_reference,-0.34235171696149846,31,31,excluded_as_NA,excluded_and_counted,same_seed_when_complete
DASCMOP7_difficulty7,time_s,MOSADE,MOSADE_domselect,lower,paired,wilcoxon_signed_rank,0.0,9.313225746154785e-10,cliffs_delta_comparison_minus_reference,1.0,31,31,excluded_as_NA,excluded_and_counted,same_seed_when_complete
DASCMOP7_difficulty7,time_s,MOSADE,MOSADE_eps_zero,lower,paired,wilcoxon_signed_rank,0.0,9.313225746154785e-10,cliffs_delta_comparison_minus_reference,-0.854318418314256,31,31,excluded_as_NA,excluded_and_counted,same_seed_when_complete
DASCMOP7_difficulty7,time_s,MOSADE,MOSADE_fixed_eps,lower,paired,wilcoxon_signed_rank,0.0,9.313225746154785e-10,cliffs_delta_comparison_minus_reference,1.0,31,31,excluded_as_NA,excluded_and_counted,same_seed_when_complete
DASCMOP7_difficulty7,time_s,MOSADE,MOSADE_fixed_eps_initial,lower,paired,wilcoxon_signed_rank,0.0,9.313225746154785e-10,cliffs_delta_comparison_minus_reference,-0.8397502601456815,31,31,excluded_as_NA,excluded_and_counted,same_seed_when_complete
DASCMOP7_difficulty7,time_s,MOSADE,MOSADE_no_restart,lower,paired,wilcoxon_signed_rank,114.0,0.007560359314084053,cliffs_delta_comparison_minus_reference,-0.3548387096774194,31,31,excluded_as_NA,excluded_and_counted,same_seed_when_complete
DASCMOP7_difficulty7,time_s,MOSADE,MOSADE_shared_memory,lower,paired,wilcoxon_signed_rank,165.0,0.10662505030632019,cliffs_delta_comparison_minus_reference,0.19458896982310095,31,31,excluded_as_NA,excluded_and_counted,same_seed_when_complete
DASCMOP7_difficulty7,time_s,MOSADE,MOSADE_single_S1,lower,paired,wilcoxon_signed_rank,0.0,9.313225746154785e-10,cliffs_delta_comparison_minus_reference,1.0,31,31,excluded_as_NA,excluded_and_counted,same_seed_when_complete
DASCMOP7_difficulty7,time_s,MOSADE,MOSADE_single_S2,lower,paired,wilcoxon_signed_rank,0.0,9.313225746154785e-10,cliffs_delta_comparison_minus_reference,-0.9979188345473465,31,31,excluded_as_NA,excluded_and_counted,same_seed_when_complete
DASCMOP7_difficulty7,time_s,MOSADE,MOSADE_single_S3,lower,paired,wilcoxon_signed_rank,0.0,9.313225746154785e-10,cliffs_delta_comparison_minus_reference,-1.0,31,31,excluded_as_NA,excluded_and_counted,same_seed_when_complete
DASCMOP7_difficulty7,time_s,MOSADE,MOSADE_single_S4,lower,paired,wilcoxon_signed_rank,0.0,9.313225746154785e-10,cliffs_delta_comparison_minus_reference,1.0,31,31,excluded_as_NA,excluded_and_counted,same_seed_when_complete
DASCMOP7_difficulty7,time_s,MOSADE,MOSADE_uniform_strategy,lower,paired,wilcoxon_signed_rank,0.0,9.313225746154785e-10,cliffs_delta_comparison_minus_reference,0.9750260145681582,31,31,excluded_as_NA,excluded_and_counted,same_seed_when_complete
DTLZ2_n_obj3,hv,MOSADE,MOSADE_domselect,higher,paired,wilcoxon_signed_rank,105.0,0.00413934513926506,cliffs_delta_comparison_minus_reference,-0.5671175858480749,31,31,excluded_as_NA,excluded_and_counted,same_seed_when_complete
DTLZ2_n_obj3,hv,MOSADE,MOSADE_eps_zero,higher,paired,wilcoxon_signed_rank,0.0,nan,cliffs_delta_comparison_minus_reference,0.0,31,31,excluded_as_NA,excluded_and_counted,same_seed_when_complete
DTLZ2_n_obj3,hv,MOSADE,MOSADE_fixed_eps_initial,higher,paired,wilcoxon_signed_rank,0.0,nan,cliffs_delta_comparison_minus_reference,0.0,31,31,excluded_as_NA,excluded_and_counted,same_seed_when_complete
DTLZ2_n_obj3,hv,MOSADE,MOSADE_no_restart,higher,paired,wilcoxon_signed_rank,124.0,0.014004520140588284,cliffs_delta_comparison_minus_reference,-0.3173777315296566,31,31,excluded_as_NA,excluded_and_counted,same_seed_when_complete
DTLZ2_n_obj3,hv,MOSADE,MOSADE_shared_memory,higher,paired,wilcoxon_signed_rank,159.0,0.0828599464148283,cliffs_delta_comparison_minus_reference,0.2445369406867846,31,31,excluded_as_NA,excluded_and_counted,same_seed_when_complete
DTLZ2_n_obj3,igd,MOSADE,MOSADE_domselect,lower,paired,wilcoxon_signed_rank,10.0,4.0046870708465576e-08,cliffs_delta_comparison_minus_reference,0.8834547346514048,31,31,excluded_as_NA,excluded_and_counted,same_seed_when_complete
DTLZ2_n_obj3,igd,MOSADE,MOSADE_eps_zero,lower,paired,wilcoxon_signed_rank,0.0,nan,cliffs_delta_comparison_minus_reference,0.0,31,31,excluded_as_NA,excluded_and_counted,same_seed_when_complete
DTLZ2_n_obj3,igd,MOSADE,MOSADE_fixed_eps_initial,lower,paired,wilcoxon_signed_rank,0.0,nan,cliffs_delta_comparison_minus_reference,0.0,31,31,excluded_as_NA,excluded_and_counted,same_seed_when_complete
DTLZ2_n_obj3,igd,MOSADE,MOSADE_no_restart,lower,paired,wilcoxon_signed_rank,150.0,0.055239553563296795,cliffs_delta_comparison_minus_reference,-0.2445369406867846,31,31,excluded_as_NA,excluded_and_counted,same_seed_when_complete
DTLZ2_n_obj3,igd,MOSADE,MOSADE_shared_memory,lower,paired,wilcoxon_signed_rank,179.0,0.1820761300623417,cliffs_delta_comparison_minus_reference,-0.21748178980228927,31,31,excluded_as_NA,excluded_and_counted,same_seed_when_complete
DTLZ2_n_obj3,igd_plus,MOSADE,MOSADE_domselect,lower,paired,wilcoxon_signed_rank,0.0,9.313225746154785e-10,cliffs_delta_comparison_minus_reference,0.9979188345473465,31,31,excluded_as_NA,excluded_and_counted,same_seed_when_complete
DTLZ2_n_obj3,igd_plus,MOSADE,MOSADE_eps_zero,lower,paired,wilcoxon_signed_rank,0.0,nan,cliffs_delta_comparison_minus_reference,0.0,31,31,excluded_as_NA,excluded_and_counted,same_seed_when_complete
DTLZ2_n_obj3,igd_plus,MOSADE,MOSADE_fixed_eps_initial,lower,paired,wilcoxon_signed_rank,0.0,nan,cliffs_delta_comparison_minus_reference,0.0,31,31,excluded_as_NA,excluded_and_counted,same_seed_when_complete
DTLZ2_n_obj3,igd_plus,MOSADE,MOSADE_no_restart,lower,paired,wilcoxon_signed_rank,229.0,0.7206862810999155,cliffs_delta_comparison_minus_reference,0.05098855359001041,31,31,excluded_as_NA,excluded_and_counted,same_seed_when_complete
DTLZ2_n_obj3,igd_plus,MOSADE,MOSADE_shared_memory,lower,paired,wilcoxon_signed_rank,241.0,0.9000833509489894,cliffs_delta_comparison_minus_reference,0.046826222684703434,31,31,excluded_as_NA,excluded_and_counted,same_seed_when_complete
DTLZ2_n_obj3,gd,MOSADE,MOSADE_domselect,lower,paired,wilcoxon_signed_rank,73.0,0.0003146035596728325,cliffs_delta_comparison_minus_reference,-0.3340270551508845,31,31,excluded_as_NA,excluded_and_counted,same_seed_when_complete
DTLZ2_n_obj3,gd,MOSADE,MOSADE_eps_zero,lower,paired,wilcoxon_signed_rank,0.0,nan,cliffs_delta_comparison_minus_reference,0.0,31,31,excluded_as_NA,excluded_and_counted,same_seed_when_complete
DTLZ2_n_obj3,gd,MOSADE,MOSADE_fixed_eps_initial,lower,paired,wilcoxon_signed_rank,0.0,nan,cliffs_delta_comparison_minus_reference,0.0,31,31,excluded_as_NA,excluded_and_counted,same_seed_when_complete
DTLZ2_n_obj3,gd,MOSADE,MOSADE_no_restart,lower,paired,wilcoxon_signed_rank,49.0,2.507772296667099e-05,cliffs_delta_comparison_minus_reference,-0.696149843912591,31,31,excluded_as_NA,excluded_and_counted,same_seed_when_complete
DTLZ2_n_obj3,gd,MOSADE,MOSADE_shared_memory,lower,paired,wilcoxon_signed_rank,246.0,0.9768865816295147,cliffs_delta_comparison_minus_reference,-0.036420395421436005,31,31,excluded_as_NA,excluded_and_counted,same_seed_when_complete
DTLZ2_n_obj3,spread,MOSADE,MOSADE_domselect,lower,paired,wilcoxon_signed_rank,72.0,0.0002865353599190712,cliffs_delta_comparison_minus_reference,-0.5816857440166493,31,31,excluded_as_NA,excluded_and_counted,same_seed_when_complete
DTLZ2_n_obj3,spread,MOSADE,MOSADE_eps_zero,lower,paired,wilcoxon_signed_rank,0.0,nan,cliffs_delta_comparison_minus_reference,0.0,31,31,excluded_as_NA,excluded_and_counted,same_seed_when_complete
DTLZ2_n_obj3,spread,MOSADE,MOSADE_fixed_eps_initial,lower,paired,wilcoxon_signed_rank,0.0,nan,cliffs_delta_comparison_minus_reference,0.0,31,31,excluded_as_NA,excluded_and_counted,same_seed_when_complete
DTLZ2_n_obj3,spread,MOSADE,MOSADE_no_restart,lower,paired,wilcoxon_signed_rank,63.0,0.00011839065700769424,cliffs_delta_comparison_minus_reference,-0.6337148803329865,31,31,excluded_as_NA,excluded_and_counted,same_seed_when_complete
DTLZ2_n_obj3,spread,MOSADE,MOSADE_shared_memory,lower,paired,wilcoxon_signed_rank,215.0,0.529405927285552,cliffs_delta_comparison_minus_reference,-0.011446409989594173,31,31,excluded_as_NA,excluded_and_counted,same_seed_when_complete
DTLZ2_n_obj3,time_s,MOSADE,MOSADE_domselect,lower,paired,wilcoxon_signed_rank,0.0,9.313225746154785e-10,cliffs_delta_comparison_minus_reference,0.9001040582726326,31,31,excluded_as_NA,excluded_and_counted,same_seed_when_complete
DTLZ2_n_obj3,time_s,MOSADE,MOSADE_eps_zero,lower,paired,wilcoxon_signed_rank,0.0,9.313225746154785e-10,cliffs_delta_comparison_minus_reference,-0.8168574401664932,31,31,excluded_as_NA,excluded_and_counted,same_seed_when_complete
DTLZ2_n_obj3,time_s,MOSADE,MOSADE_fixed_eps_initial,lower,paired,wilcoxon_signed_rank,0.0,9.313225746154785e-10,cliffs_delta_comparison_minus_reference,-0.9334027055150884,31,31,excluded_as_NA,excluded_and_counted,same_seed_when_complete
DTLZ2_n_obj3,time_s,MOSADE,MOSADE_no_restart,lower,paired,wilcoxon_signed_rank,16.0,1.5739351511001587e-07,cliffs_delta_comparison_minus_reference,-0.7419354838709677,31,31,excluded_as_NA,excluded_and_counted,same_seed_when_complete
DTLZ2_n_obj3,time_s,MOSADE,MOSADE_shared_memory,lower,paired,wilcoxon_signed_rank,99.0,0.0026963530108332634,cliffs_delta_comparison_minus_reference,0.48803329864724243,31,31,excluded_as_NA,excluded_and_counted,same_seed_when_complete
WFG4,hv,MOSADE,MOSADE_domselect,higher,paired,wilcoxon_signed_rank,177.0,0.16942174453288317,cliffs_delta_comparison_minus_reference,0.186264308012487,31,31,excluded_as_NA,excluded_and_counted,same_seed_when_complete
WFG4,hv,MOSADE,MOSADE_eps_zero,higher,paired,wilcoxon_signed_rank,0.0,nan,cliffs_delta_comparison_minus_reference,0.0,31,31,excluded_as_NA,excluded_and_counted,same_seed_when_complete
WFG4,hv,MOSADE,MOSADE_fixed_eps,higher,paired,wilcoxon_signed_rank,0.0,nan,cliffs_delta_comparison_minus_reference,0.0,31,31,excluded_as_NA,excluded_and_counted,same_seed_when_complete
WFG4,hv,MOSADE,MOSADE_fixed_eps_initial,higher,paired,wilcoxon_signed_rank,0.0,nan,cliffs_delta_comparison_minus_reference,0.0,31,31,excluded_as_NA,excluded_and_counted,same_seed_when_complete
WFG4,hv,MOSADE,MOSADE_no_restart,higher,paired,wilcoxon_signed_rank,79.0,0.000541122630238533,cliffs_delta_comparison_minus_reference,0.45681581685744016,31,31,excluded_as_NA,excluded_and_counted,same_seed_when_complete
WFG4,hv,MOSADE,MOSADE_shared_memory,higher,paired,wilcoxon_signed_rank,215.0,0.529405927285552,cliffs_delta_comparison_minus_reference,0.14464099895941726,31,31,excluded_as_NA,excluded_and_counted,same_seed_when_complete
WFG4,hv,MOSADE,MOSADE_single_S1,higher,paired,wilcoxon_signed_rank,72.0,0.0002865353599190712,cliffs_delta_comparison_minus_reference,-0.6024973985431842,31,31,excluded_as_NA,excluded_and_counted,same_seed_when_complete
WFG4,hv,MOSADE,MOSADE_single_S2,higher,paired,wilcoxon_signed_rank,52.0,3.570038825273514e-05,cliffs_delta_comparison_minus_reference,0.6129032258064516,31,31,excluded_as_NA,excluded_and_counted,same_seed_when_complete
WFG4,hv,MOSADE,MOSADE_single_S3,higher,paired,wilcoxon_signed_rank,0.0,9.313225746154785e-10,cliffs_delta_comparison_minus_reference,-1.0,31,31,excluded_as_NA,excluded_and_counted,same_seed_when_complete
WFG4,hv,MOSADE,MOSADE_single_S4,higher,paired,wilcoxon_signed_rank,139.0,0.03211137559264898,cliffs_delta_comparison_minus_reference,0.37356919875130074,31,31,excluded_as_NA,excluded_and_counted,same_seed_when_complete
WFG4,hv,MOSADE,MOSADE_uniform_strategy,higher,paired,wilcoxon_signed_rank,98.0,0.0025048814713954926,cliffs_delta_comparison_minus_reference,-0.5067637877211238,31,31,excluded_as_NA,excluded_and_counted,same_seed_when_complete
WFG4,igd,MOSADE,MOSADE_domselect,lower,paired,wilcoxon_signed_rank,178.0,0.1756664952263236,cliffs_delta_comparison_minus_reference,0.2133194588969823,31,31,excluded_as_NA,excluded_and_counted,same_seed_when_complete
WFG4,igd,MOSADE,MOSADE_eps_zero,lower,paired,wilcoxon_signed_rank,240.0,0.8848088048398495,cliffs_delta_comparison_minus_reference,0.021852237252861603,31,31,excluded_as_NA,excluded_and_counted,same_seed_when_complete
WFG4,igd,MOSADE,MOSADE_fixed_eps,lower,paired,wilcoxon_signed_rank,217.0,0.5551384268328547,cliffs_delta_comparison_minus_reference,0.09261186264308012,31,31,excluded_as_NA,excluded_and_counted,same_seed_when_complete
WFG4,igd,MOSADE,MOSADE_fixed_eps_initial,lower,paired,wilcoxon_signed_rank,240.0,0.8848088048398495,cliffs_delta_comparison_minus_reference,0.021852237252861603,31,31,excluded_as_NA,excluded_and_counted,same_seed_when_complete
WFG4,igd,MOSADE,MOSADE_no_restart,lower,paired,wilcoxon_signed_rank,159.0,0.0828599464148283,cliffs_delta_comparison_minus_reference,-0.2570239334027055,31,31,excluded_as_NA,excluded_and_counted,same_seed_when_complete
WFG4,igd,MOSADE,MOSADE_shared_memory,lower,paired,wilcoxon_signed_rank,233.0,0.7793471785262227,cliffs_delta_comparison_minus_reference,-0.07596253902185224,31,31,excluded_as_NA,excluded_and_counted,same_seed_when_complete
WFG4,igd,MOSADE,MOSADE_single_S1,lower,paired,wilcoxon_signed_rank,166.0,0.111049959436059,cliffs_delta_comparison_minus_reference,0.2299687825182102,31,31,excluded_as_NA,excluded_and_counted,same_seed_when_complete
WFG4,igd,MOSADE,MOSADE_single_S2,lower,paired,wilcoxon_signed_rank,151.0,0.05788119416683912,cliffs_delta_comparison_minus_reference,-0.3485952133194589,31,31,excluded_as_NA,excluded_and_counted,same_seed_when_complete
WFG4,igd,MOSADE,MOSADE_single_S3,lower,paired,wilcoxon_signed_rank,0.0,9.313225746154785e-10,cliffs_delta_comparison_minus_reference,1.0,31,31,excluded_as_NA,excluded_and_counted,same_seed_when_complete
WFG4,igd,MOSADE,MOSADE_single_S4,lower,paired,wilcoxon_signed_rank,189.0,0.25557575561106205,cliffs_delta_comparison_minus_reference,-0.19458896982310095,31,31,excluded_as_NA,excluded_and_counted,same_seed_when_complete
WFG4,igd,MOSADE,MOSADE_uniform_strategy,lower,paired,wilcoxon_signed_rank,181.0,0.1953968871384859,cliffs_delta_comparison_minus_reference,0.18210197710718,31,31,excluded_as_NA,excluded_and_counted,same_seed_when_complete
WFG4,igd_plus,MOSADE,MOSADE_domselect,lower,paired,wilcoxon_signed_rank,14.0,1.0244548320770264e-07,cliffs_delta_comparison_minus_reference,0.8709677419354839,31,31,excluded_as_NA,excluded_and_counted,same_seed_when_complete
WFG4,igd_plus,MOSADE,MOSADE_eps_zero,lower,paired,wilcoxon_signed_rank,150.0,0.055239553563296795,cliffs_delta_comparison_minus_reference,0.18210197710718,31,31,excluded_as_NA,excluded_and_counted,same_seed_when_complete
WFG4,igd_plus,MOSADE,MOSADE_fixed_eps,lower,paired,wilcoxon_signed_rank,64.0,0.000131131149828434,cliffs_delta_comparison_minus_reference,0.26326742976066597,31,31,excluded_as_NA,excluded_and_counted,same_seed_when_complete
WFG4,igd_plus,MOSADE,MOSADE_fixed_eps_initial,lower,paired,wilcoxon_signed_rank,150.0,0.055239553563296795,cliffs_delta_comparison_minus_reference,0.18210197710718,31,31,excluded_as_NA,excluded_and_counted,same_seed_when_complete
WFG4,igd_plus,MOSADE,MOSADE_no_restart,lower,paired,wilcoxon_signed_rank,184.0,0.21665488090366125,cliffs_delta_comparison_minus_reference,-0.2695109261186264,31,31,excluded_as_NA,excluded_and_counted,same_seed_when_complete
WFG4,igd_plus,MOSADE,MOSADE_shared_memory,lower,paired,wilcoxon_signed_rank,228.0,0.7062525749206543,cliffs_delta_comparison_minus_reference,0.07388137356919876,31,31,excluded_as_NA,excluded_and_counted,same_seed_when_complete
WFG4,igd_plus,MOSADE,MOSADE_single_S1,lower,paired,wilcoxon_signed_rank,1.0,1.862645149230957e-09,cliffs_delta_comparison_minus_reference,0.9438085327783559,31,31,excluded_as_NA,excluded_and_counted,same_seed_when_complete
WFG4,igd_plus,MOSADE,MOSADE_single_S2,lower,paired,wilcoxon_signed_rank,161.0,0.09026811271905899,cliffs_delta_comparison_minus_reference,-0.26534859521331944,31,31,excluded_as_NA,excluded_and_counted,same_seed_when_complete
WFG4,igd_plus,MOSADE,MOSADE_single_S3,lower,paired,wilcoxon_signed_rank,0.0,9.313225746154785e-10,cliffs_delta_comparison_minus_reference,1.0,31,31,excluded_as_NA,excluded_and_counted,same_seed_when_complete
WFG4,igd_plus,MOSADE,MOSADE_single_S4,lower,paired,wilcoxon_signed_rank,202.0,0.3777303956449032,cliffs_delta_comparison_minus_reference,0.12174817898022892,31,31,excluded_as_NA,excluded_and_counted,same_seed_when_complete
WFG4,igd_plus,MOSADE,MOSADE_uniform_strategy,lower,paired,wilcoxon_signed_rank,16.0,1.5739351511001587e-07,cliffs_delta_comparison_minus_reference,0.8168574401664932,31,31,excluded_as_NA,excluded_and_counted,same_seed_when_complete
WFG4,gd,MOSADE,MOSADE_domselect,lower,paired,wilcoxon_signed_rank,162.0,0.09416095819324255,cliffs_delta_comparison_minus_reference,-0.1841831425598335,31,31,excluded_as_NA,excluded_and_counted,same_seed_when_complete
WFG4,gd,MOSADE,MOSADE_eps_zero,lower,paired,wilcoxon_signed_rank,0.0,9.313225746154785e-10,cliffs_delta_comparison_minus_reference,1.0,31,31,excluded_as_NA,excluded_and_counted,same_seed_when_complete
WFG4,gd,MOSADE,MOSADE_fixed_eps,lower,paired,wilcoxon_signed_rank,0.0,9.313225746154785e-10,cliffs_delta_comparison_minus_reference,1.0,31,31,excluded_as_NA,excluded_and_counted,same_seed_when_complete
WFG4,gd,MOSADE,MOSADE_fixed_eps_initial,lower,paired,wilcoxon_signed_rank,0.0,9.313225746154785e-10,cliffs_delta_comparison_minus_reference,1.0,31,31,excluded_as_NA,excluded_and_counted,same_seed_when_complete
WFG4,gd,MOSADE,MOSADE_no_restart,lower,paired,wilcoxon_signed_rank,0.0,9.313225746154785e-10,cliffs_delta_comparison_minus_reference,1.0,31,31,excluded_as_NA,excluded_and_counted,same_seed_when_complete
WFG4,gd,MOSADE,MOSADE_shared_memory,lower,paired,wilcoxon_signed_rank,0.0,9.313225746154785e-10,cliffs_delta_comparison_minus_reference,1.0,31,31,excluded_as_NA,excluded_and_counted,same_seed_when_complete
WFG4,gd,MOSADE,MOSADE_single_S1,lower,paired,wilcoxon_signed_rank,0.0,9.313225746154785e-10,cliffs_delta_comparison_minus_reference,1.0,31,31,excluded_as_NA,excluded_and_counted,same_seed_when_complete
WFG4,gd,MOSADE,MOSADE_single_S2,lower,paired,wilcoxon_signed_rank,0.0,9.313225746154785e-10,cliffs_delta_comparison_minus_reference,1.0,31,31,excluded_as_NA,excluded_and_counted,same_seed_when_complete
WFG4,gd,MOSADE,MOSADE_single_S3,lower,paired,wilcoxon_signed_rank,0.0,9.313225746154785e-10,cliffs_delta_comparison_minus_reference,1.0,31,31,excluded_as_NA,excluded_and_counted,same_seed_when_complete
WFG4,gd,MOSADE,MOSADE_single_S4,lower,paired,wilcoxon_signed_rank,0.0,9.313225746154785e-10,cliffs_delta_comparison_minus_reference,1.0,31,31,excluded_as_NA,excluded_and_counted,same_seed_when_complete
WFG4,gd,MOSADE,MOSADE_uniform_strategy,lower,paired,wilcoxon_signed_rank,0.0,9.313225746154785e-10,cliffs_delta_comparison_minus_reference,1.0,31,31,excluded_as_NA,excluded_and_counted,same_seed_when_complete
WFG4,spread,MOSADE,MOSADE_domselect,lower,paired,wilcoxon_signed_rank,182.0,0.20231117121875286,cliffs_delta_comparison_minus_reference,0.20499479708636836,31,31,excluded_as_NA,excluded_and_counted,same_seed_when_complete
WFG4,spread,MOSADE,MOSADE_eps_zero,lower,paired,wilcoxon_signed_rank,0.0,9.313225746154785e-10,cliffs_delta_comparison_minus_reference,-0.12382934443288242,31,31,excluded_as_NA,excluded_and_counted,same_seed_when_complete
WFG4,spread,MOSADE,MOSADE_fixed_eps,lower,paired,wilcoxon_signed_rank,0.0,9.313225746154785e-10,cliffs_delta_comparison_minus_reference,-0.10718002081165452,31,31,excluded_as_NA,excluded_and_counted,same_seed_when_complete
WFG4,spread,MOSADE,MOSADE_fixed_eps_initial,lower,paired,wilcoxon_signed_rank,0.0,9.313225746154785e-10,cliffs_delta_comparison_minus_reference,-0.12382934443288242,31,31,excluded_as_NA,excluded_and_counted,same_seed_when_complete
WFG4,spread,MOSADE,MOSADE_no_restart,lower,paired,wilcoxon_signed_rank,180.0,0.18865238688886166,cliffs_delta_comparison_minus_reference,-0.23204994797086367,31,31,excluded_as_NA,excluded_and_counted,same_seed_when_complete
WFG4,spread,MOSADE,MOSADE_shared_memory,lower,paired,wilcoxon_signed_rank,149.0,0.052696118131279945,cliffs_delta_comparison_minus_reference,-0.2861602497398543,31,31,excluded_as_NA,excluded_and_counted,same_seed_when_complete
WFG4,spread,MOSADE,MOSADE_single_S1,lower,paired,wilcoxon_signed_rank,164.0,0.10233690217137337,cliffs_delta_comparison_minus_reference,-0.25286160249739853,31,31,excluded_as_NA,excluded_and_counted,same_seed_when_complete
WFG4,spread,MOSADE,MOSADE_single_S2,lower,paired,wilcoxon_signed_rank,208.0,0.444234280847013,cliffs_delta_comparison_minus_reference,-0.14880332986472425,31,31,excluded_as_NA,excluded_and_counted,same_seed_when_complete
WFG4,spread,MOSADE,MOSADE_single_S3,lower,paired,wilcoxon_signed_rank,2.0,2.7939677238464355e-09,cliffs_delta_comparison_minus_reference,0.8917793964620188,31,31,excluded_as_NA,excluded_and_counted,same_seed_when_complete
WFG4,spread,MOSADE,MOSADE_single_S4,lower,paired,wilcoxon_signed_rank,165.0,0.10662505030632019,cliffs_delta_comparison_minus_reference,-0.23204994797086367,31,31,excluded_as_NA,excluded_and_counted,same_seed_when_complete
WFG4,spread,MOSADE,MOSADE_uniform_strategy,lower,paired,wilcoxon_signed_rank,108.0,0.005086471326649189,cliffs_delta_comparison_minus_reference,-0.4713839750260146,31,31,excluded_as_NA,excluded_and_counted,same_seed_when_complete
WFG4,time_s,MOSADE,MOSADE_domselect,lower,paired,wilcoxon_signed_rank,0.0,9.313225746154785e-10,cliffs_delta_comparison_minus_reference,1.0,31,31,excluded_as_NA,excluded_and_counted,same_seed_when_complete
WFG4,time_s,MOSADE,MOSADE_eps_zero,lower,paired,wilcoxon_signed_rank,0.0,9.313225746154785e-10,cliffs_delta_comparison_minus_reference,0.9417273673257024,31,31,excluded_as_NA,excluded_and_counted,same_seed_when_complete
WFG4,time_s,MOSADE,MOSADE_fixed_eps,lower,paired,wilcoxon_signed_rank,0.0,9.313225746154785e-10,cliffs_delta_comparison_minus_reference,0.9979188345473465,31,31,excluded_as_NA,excluded_and_counted,same_seed_when_complete
WFG4,time_s,MOSADE,MOSADE_fixed_eps_initial,lower,paired,wilcoxon_signed_rank,0.0,9.313225746154785e-10,cliffs_delta_comparison_minus_reference,0.9375650364203955,31,31,excluded_as_NA,excluded_and_counted,same_seed_when_complete
WFG4,time_s,MOSADE,MOSADE_no_restart,lower,paired,wilcoxon_signed_rank,51.0,3.177858889102936e-05,cliffs_delta_comparison_minus_reference,0.6545265348595213,31,31,excluded_as_NA,excluded_and_counted,same_seed_when_complete
WFG4,time_s,MOSADE,MOSADE_shared_memory,lower,paired,wilcoxon_signed_rank,4.0,6.51925802230835e-09,cliffs_delta_comparison_minus_reference,-0.7918834547346514,31,31,excluded_as_NA,excluded_and_counted,same_seed_when_complete
WFG4,time_s,MOSADE,MOSADE_single_S1,lower,paired,wilcoxon_signed_rank,0.0,9.313225746154785e-10,cliffs_delta_comparison_minus_reference,1.0,31,31,excluded_as_NA,excluded_and_counted,same_seed_when_complete
WFG4,time_s,MOSADE,MOSADE_single_S2,lower,paired,wilcoxon_signed_rank,2.0,2.7939677238464355e-09,cliffs_delta_comparison_minus_reference,-0.8397502601456815,31,31,excluded_as_NA,excluded_and_counted,same_seed_when_complete
WFG4,time_s,MOSADE,MOSADE_single_S3,lower,paired,wilcoxon_signed_rank,0.0,9.313225746154785e-10,cliffs_delta_comparison_minus_reference,-1.0,31,31,excluded_as_NA,excluded_and_counted,same_seed_when_complete
WFG4,time_s,MOSADE,MOSADE_single_S4,lower,paired,wilcoxon_signed_rank,0.0,9.313225746154785e-10,cliffs_delta_comparison_minus_reference,1.0,31,31,excluded_as_NA,excluded_and_counted,same_seed_when_complete
WFG4,time_s,MOSADE,MOSADE_uniform_strategy,lower,paired,wilcoxon_signed_rank,77.0,0.00045317597687244415,cliffs_delta_comparison_minus_reference,-0.4505723204994797,31,31,excluded_as_NA,excluded_and_counted,same_seed_when_complete
WFG9,hv,MOSADE,MOSADE_domselect,higher,paired,wilcoxon_signed_rank,2.0,2.7939677238464355e-09,cliffs_delta_comparison_minus_reference,-0.9750260145681582,31,31,excluded_as_NA,excluded_and_counted,same_seed_when_complete
WFG9,hv,MOSADE,MOSADE_eps_zero,higher,paired,wilcoxon_signed_rank,0.0,nan,cliffs_delta_comparison_minus_reference,0.0,31,31,excluded_as_NA,excluded_and_counted,same_seed_when_complete
WFG9,hv,MOSADE,MOSADE_fixed_eps,higher,paired,wilcoxon_signed_rank,0.0,nan,cliffs_delta_comparison_minus_reference,0.0,31,31,excluded_as_NA,excluded_and_counted,same_seed_when_complete
WFG9,hv,MOSADE,MOSADE_fixed_eps_initial,higher,paired,wilcoxon_signed_rank,0.0,nan,cliffs_delta_comparison_minus_reference,0.0,31,31,excluded_as_NA,excluded_and_counted,same_seed_when_complete
WFG9,hv,MOSADE,MOSADE_no_restart,higher,paired,wilcoxon_signed_rank,167.0,0.11561407148838043,cliffs_delta_comparison_minus_reference,-0.19458896982310095,31,31,excluded_as_NA,excluded_and_counted,same_seed_when_complete
WFG9,hv,MOSADE,MOSADE_shared_memory,higher,paired,wilcoxon_signed_rank,241.0,0.9000833509489894,cliffs_delta_comparison_minus_reference,0.021852237252861603,31,31,excluded_as_NA,excluded_and_counted,same_seed_when_complete
WFG9,hv,MOSADE,MOSADE_single_S1,higher,paired,wilcoxon_signed_rank,153.0,0.06346937920898199,cliffs_delta_comparison_minus_reference,0.26534859521331944,31,31,excluded_as_NA,excluded_and_counted,same_seed_when_complete
WFG9,hv,MOSADE,MOSADE_single_S2,higher,paired,wilcoxon_signed_rank,109.0,0.005441642366349697,cliffs_delta_comparison_minus_reference,0.4006243496357961,31,31,excluded_as_NA,excluded_and_counted,same_seed_when_complete
WFG9,hv,MOSADE,MOSADE_single_S3,higher,paired,wilcoxon_signed_rank,111.0,0.006217258051037788,cliffs_delta_comparison_minus_reference,-0.45265348595213317,31,31,excluded_as_NA,excluded_and_counted,same_seed_when_complete
WFG9,hv,MOSADE,MOSADE_single_S4,higher,paired,wilcoxon_signed_rank,184.0,0.21665488090366125,cliffs_delta_comparison_minus_reference,-0.10301768990634755,31,31,excluded_as_NA,excluded_and_counted,same_seed_when_complete
WFG9,hv,MOSADE,MOSADE_uniform_strategy,higher,paired,wilcoxon_signed_rank,221.0,0.608313562348485,cliffs_delta_comparison_minus_reference,0.08220603537981269,31,31,excluded_as_NA,excluded_and_counted,same_seed_when_complete
WFG9,igd,MOSADE,MOSADE_domselect,lower,paired,wilcoxon_signed_rank,17.0,1.9278377294540405e-07,cliffs_delta_comparison_minus_reference,0.8439125910509886,31,31,excluded_as_NA,excluded_and_counted,same_seed_when_complete
WFG9,igd,MOSADE,MOSADE_eps_zero,lower,paired,wilcoxon_signed_rank,0.0,nan,cliffs_delta_comparison_minus_reference,0.0,31,31,excluded_as_NA,excluded_and_counted,same_seed_when_complete
WFG9,igd,MOSADE,MOSADE_fixed_eps,lower,paired,wilcoxon_signed_rank,0.0,nan,cliffs_delta_comparison_minus_reference,0.0,31,31,excluded_as_NA,excluded_and_counted,same_seed_when_complete
WFG9,igd,MOSADE,MOSADE_fixed_eps_initial,lower,paired,wilcoxon_signed_rank,0.0,nan,cliffs_delta_comparison_minus_reference,0.0,31,31,excluded_as_NA,excluded_and_counted,same_seed_when_complete
WFG9,igd,MOSADE,MOSADE_no_restart,lower,paired,wilcoxon_signed_rank,198.0,0.336907590739429,cliffs_delta_comparison_minus_reference,-0.20915712799167535,31,31,excluded_as_NA,excluded_and_counted,same_seed_when_complete
WFG9,igd,MOSADE,MOSADE_shared_memory,lower,paired,wilcoxon_signed_rank,172.0,0.14060599450021982,cliffs_delta_comparison_minus_reference,-0.2008324661810614,31,31,excluded_as_NA,excluded_and_counted,same_seed_when_complete
WFG9,igd,MOSADE,MOSADE_single_S1,lower,paired,wilcoxon_signed_rank,229.0,0.7206862810999155,cliffs_delta_comparison_minus_reference,-0.015608740894901144,31,31,excluded_as_NA,excluded_and_counted,same_seed_when_complete
WFG9,igd,MOSADE,MOSADE_single_S2,lower,paired,wilcoxon_signed_rank,198.0,0.336907590739429,cliffs_delta_comparison_minus_reference,-0.14464099895941726,31,31,excluded_as_NA,excluded_and_counted,same_seed_when_complete
WFG9,igd,MOSADE,MOSADE_single_S3,lower,paired,wilcoxon_signed_rank,239.0,0.8695757398381829,cliffs_delta_comparison_minus_reference,-0.01768990634755463,31,31,excluded_as_NA,excluded_and_counted,same_seed_when_complete
WFG9,igd,MOSADE,MOSADE_single_S4,lower,paired,wilcoxon_signed_rank,135.0,0.02600933238863945,cliffs_delta_comparison_minus_reference,-0.2882414151925078,31,31,excluded_as_NA,excluded_and_counted,same_seed_when_complete
WFG9,igd,MOSADE,MOSADE_uniform_strategy,lower,paired,wilcoxon_signed_rank,247.0,0.9922946002334356,cliffs_delta_comparison_minus_reference,0.003121748178980229,31,31,excluded_as_NA,excluded_and_counted,same_seed_when_complete
WFG9,igd_plus,MOSADE,MOSADE_domselect,lower,paired,wilcoxon_signed_rank,0.0,9.313225746154785e-10,cliffs_delta_comparison_minus_reference,1.0,31,31,excluded_as_NA,excluded_and_counted,same_seed_when_complete
WFG9,igd_plus,MOSADE,MOSADE_eps_zero,lower,paired,wilcoxon_signed_rank,0.0,nan,cliffs_delta_comparison_minus_reference,0.0,31,31,excluded_as_NA,excluded_and_counted,same_seed_when_complete
WFG9,igd_plus,MOSADE,MOSADE_fixed_eps,lower,paired,wilcoxon_signed_rank,0.0,nan,cliffs_delta_comparison_minus_reference,0.0,31,31,excluded_as_NA,excluded_and_counted,same_seed_when_complete
WFG9,igd_plus,MOSADE,MOSADE_fixed_eps_initial,lower,paired,wilcoxon_signed_rank,0.0,nan,cliffs_delta_comparison_minus_reference,0.0,31,31,excluded_as_NA,excluded_and_counted,same_seed_when_complete
WFG9,igd_plus,MOSADE,MOSADE_no_restart,lower,paired,wilcoxon_signed_rank,125.0,0.014852074906229973,cliffs_delta_comparison_minus_reference,-0.44016649323621226,31,31,excluded_as_NA,excluded_and_counted,same_seed_when_complete
WFG9,igd_plus,MOSADE,MOSADE_shared_memory,lower,paired,wilcoxon_signed_rank,219.0,0.5814498504623771,cliffs_delta_comparison_minus_reference,-0.06347554630593132,31,31,excluded_as_NA,excluded_and_counted,same_seed_when_complete
WFG9,igd_plus,MOSADE,MOSADE_single_S1,lower,paired,wilcoxon_signed_rank,129.0,0.01869285199791193,cliffs_delta_comparison_minus_reference,0.3028095733610822,31,31,excluded_as_NA,excluded_and_counted,same_seed_when_complete
WFG9,igd_plus,MOSADE,MOSADE_single_S2,lower,paired,wilcoxon_signed_rank,151.0,0.05788119416683912,cliffs_delta_comparison_minus_reference,0.25494276795005205,31,31,excluded_as_NA,excluded_and_counted,same_seed_when_complete
WFG9,igd_plus,MOSADE,MOSADE_single_S3,lower,paired,wilcoxon_signed_rank,77.0,0.00045317597687244415,cliffs_delta_comparison_minus_reference,0.5691987513007284,31,31,excluded_as_NA,excluded_and_counted,same_seed_when_complete
WFG9,igd_plus,MOSADE,MOSADE_single_S4,lower,paired,wilcoxon_signed_rank,195.0,0.3081742124632001,cliffs_delta_comparison_minus_reference,0.07180020811654526,31,31,excluded_as_NA,excluded_and_counted,same_seed_when_complete
WFG9,igd_plus,MOSADE,MOSADE_uniform_strategy,lower,paired,wilcoxon_signed_rank,241.0,0.9000833509489894,cliffs_delta_comparison_minus_reference,-0.05098855359001041,31,31,excluded_as_NA,excluded_and_counted,same_seed_when_complete
WFG9,gd,MOSADE,MOSADE_domselect,lower,paired,wilcoxon_signed_rank,1.0,1.862645149230957e-09,cliffs_delta_comparison_minus_reference,0.9167533818938606,31,31,excluded_as_NA,excluded_and_counted,same_seed_when_complete
WFG9,gd,MOSADE,MOSADE_eps_zero,lower,paired,wilcoxon_signed_rank,0.0,nan,cliffs_delta_comparison_minus_reference,0.0,31,31,excluded_as_NA,excluded_and_counted,same_seed_when_complete
WFG9,gd,MOSADE,MOSADE_fixed_eps,lower,paired,wilcoxon_signed_rank,0.0,nan,cliffs_delta_comparison_minus_reference,0.0,31,31,excluded_as_NA,excluded_and_counted,same_seed_when_complete
WFG9,gd,MOSADE,MOSADE_fixed_eps_initial,lower,paired,wilcoxon_signed_rank,0.0,nan,cliffs_delta_comparison_minus_reference,0.0,31,31,excluded_as_NA,excluded_and_counted,same_seed_when_complete
WFG9,gd,MOSADE,MOSADE_no_restart,lower,paired,wilcoxon_signed_rank,115.0,0.00806064996868372,cliffs_delta_comparison_minus_reference,-0.4214360041623309,31,31,excluded_as_NA,excluded_and_counted,same_seed_when_complete
WFG9,gd,MOSADE,MOSADE_shared_memory,lower,paired,wilcoxon_signed_rank,182.0,0.20231117121875286,cliffs_delta_comparison_minus_reference,-0.1425598335067638,31,31,excluded_as_NA,excluded_and_counted,same_seed_when_complete
WFG9,gd,MOSADE,MOSADE_single_S1,lower,paired,wilcoxon_signed_rank,228.0,0.7062525749206543,cliffs_delta_comparison_minus_reference,0.05931321540062435,31,31,excluded_as_NA,excluded_and_counted,same_seed_when_complete
WFG9,gd,MOSADE,MOSADE_single_S2,lower,paired,wilcoxon_signed_rank,246.0,0.9768865816295147,cliffs_delta_comparison_minus_reference,-0.01768990634755463,31,31,excluded_as_NA,excluded_and_counted,same_seed_when_complete
WFG9,gd,MOSADE,MOSADE_single_S3,lower,paired,wilcoxon_signed_rank,160.0,0.08650196995586157,cliffs_delta_comparison_minus_reference,-0.22580645161290322,31,31,excluded_as_NA,excluded_and_counted,same_seed_when_complete
WFG9,gd,MOSADE,MOSADE_single_S4,lower,paired,wilcoxon_signed_rank,160.0,0.08650196995586157,cliffs_delta_comparison_minus_reference,-0.31321540062434966,31,31,excluded_as_NA,excluded_and_counted,same_seed_when_complete
WFG9,gd,MOSADE,MOSADE_uniform_strategy,lower,paired,wilcoxon_signed_rank,160.0,0.08650196995586157,cliffs_delta_comparison_minus_reference,-0.28407908428720086,31,31,excluded_as_NA,excluded_and_counted,same_seed_when_complete
WFG9,spread,MOSADE,MOSADE_domselect,lower,paired,wilcoxon_signed_rank,248.0,1.0,cliffs_delta_comparison_minus_reference,0.005202913631633715,31,31,excluded_as_NA,excluded_and_counted,same_seed_when_complete
WFG9,spread,MOSADE,MOSADE_eps_zero,lower,paired,wilcoxon_signed_rank,0.0,nan,cliffs_delta_comparison_minus_reference,0.0,31,31,excluded_as_NA,excluded_and_counted,same_seed_when_complete
WFG9,spread,MOSADE,MOSADE_fixed_eps,lower,paired,wilcoxon_signed_rank,0.0,nan,cliffs_delta_comparison_minus_reference,0.0,31,31,excluded_as_NA,excluded_and_counted,same_seed_when_complete
WFG9,spread,MOSADE,MOSADE_fixed_eps_initial,lower,paired,wilcoxon_signed_rank,0.0,nan,cliffs_delta_comparison_minus_reference,0.0,31,31,excluded_as_NA,excluded_and_counted,same_seed_when_complete
WFG9,spread,MOSADE,MOSADE_no_restart,lower,paired,wilcoxon_signed_rank,226.0,0.6776954075321555,cliffs_delta_comparison_minus_reference,0.044745057232049947,31,31,excluded_as_NA,excluded_and_counted,same_seed_when_complete
WFG9,spread,MOSADE,MOSADE_shared_memory,lower,paired,wilcoxon_signed_rank,248.0,1.0,cliffs_delta_comparison_minus_reference,-0.009365244536940686,31,31,excluded_as_NA,excluded_and_counted,same_seed_when_complete
WFG9,spread,MOSADE,MOSADE_single_S1,lower,paired,wilcoxon_signed_rank,214.0,0.5167645234614611,cliffs_delta_comparison_minus_reference,0.01768990634755463,31,31,excluded_as_NA,excluded_and_counted,same_seed_when_complete
WFG9,spread,MOSADE,MOSADE_single_S2,lower,paired,wilcoxon_signed_rank,202.0,0.3777303956449032,cliffs_delta_comparison_minus_reference,-0.1550468262226847,31,31,excluded_as_NA,excluded_and_counted,same_seed_when_complete
WFG9,spread,MOSADE,MOSADE_single_S3,lower,paired,wilcoxon_signed_rank,188.0,0.24743753485381603,cliffs_delta_comparison_minus_reference,-0.16545265348595214,31,31,excluded_as_NA,excluded_and_counted,same_seed_when_complete
WFG9,spread,MOSADE,MOSADE_single_S4,lower,paired,wilcoxon_signed_rank,186.0,0.23169402685016394,cliffs_delta_comparison_minus_reference,-0.09261186264308012,31,31,excluded_as_NA,excluded_and_counted,same_seed_when_complete
WFG9,spread,MOSADE,MOSADE_uniform_strategy,lower,paired,wilcoxon_signed_rank,240.0,0.8848088048398495,cliffs_delta_comparison_minus_reference,-0.030176899063475548,31,31,excluded_as_NA,excluded_and_counted,same_seed_when_complete
WFG9,time_s,MOSADE,MOSADE_domselect,lower,paired,wilcoxon_signed_rank,0.0,9.313225746154785e-10,cliffs_delta_comparison_minus_reference,1.0,31,31,excluded_as_NA,excluded_and_counted,same_seed_when_complete
WFG9,time_s,MOSADE,MOSADE_eps_zero,lower,paired,wilcoxon_signed_rank,30.0,1.8952414393424988e-06,cliffs_delta_comparison_minus_reference,-0.3798126951092612,31,31,excluded_as_NA,excluded_and_counted,same_seed_when_complete
WFG9,time_s,MOSADE,MOSADE_fixed_eps,lower,paired,wilcoxon_signed_rank,0.0,9.313225746154785e-10,cliffs_delta_comparison_minus_reference,1.0,31,31,excluded_as_NA,excluded_and_counted,same_seed_when_complete
WFG9,time_s,MOSADE,MOSADE_fixed_eps_initial,lower,paired,wilcoxon_signed_rank,45.0,1.5350058674812317e-05,cliffs_delta_comparison_minus_reference,-0.3090530697190427,31,31,excluded_as_NA,excluded_and_counted,same_seed_when_complete
WFG9,time_s,MOSADE,MOSADE_no_restart,lower,paired,wilcoxon_signed_rank,37.0,5.317851901054382e-06,cliffs_delta_comparison_minus_reference,0.5691987513007284,31,31,excluded_as_NA,excluded_and_counted,same_seed_when_complete
WFG9,time_s,MOSADE,MOSADE_shared_memory,lower,paired,wilcoxon_signed_rank,43.0,1.1898577213287354e-05,cliffs_delta_comparison_minus_reference,0.631633714880333,31,31,excluded_as_NA,excluded_and_counted,same_seed_when_complete
WFG9,time_s,MOSADE,MOSADE_single_S1,lower,paired,wilcoxon_signed_rank,0.0,9.313225746154785e-10,cliffs_delta_comparison_minus_reference,1.0,31,31,excluded_as_NA,excluded_and_counted,same_seed_when_complete
WFG9,time_s,MOSADE,MOSADE_single_S2,lower,paired,wilcoxon_signed_rank,118.0,0.00973692536354065,cliffs_delta_comparison_minus_reference,-0.43600416233090533,31,31,excluded_as_NA,excluded_and_counted,same_seed_when_complete
WFG9,time_s,MOSADE,MOSADE_single_S3,lower,paired,wilcoxon_signed_rank,182.0,0.20231117121875286,cliffs_delta_comparison_minus_reference,0.2570239334027055,31,31,excluded_as_NA,excluded_and_counted,same_seed_when_complete
WFG9,time_s,MOSADE,MOSADE_single_S4,lower,paired,wilcoxon_signed_rank,0.0,9.313225746154785e-10,cliffs_delta_comparison_minus_reference,1.0,31,31,excluded_as_NA,excluded_and_counted,same_seed_when_complete
WFG9,time_s,MOSADE,MOSADE_uniform_strategy,lower,paired,wilcoxon_signed_rank,0.0,9.313225746154785e-10,cliffs_delta_comparison_minus_reference,1.0,31,31,excluded_as_NA,excluded_and_counted,same_seed_when_complete
ZDT1,hv,MOSADE,MOSADE_domselect,higher,paired,wilcoxon_signed_rank,9.0,3.073364496231079e-08,cliffs_delta_comparison_minus_reference,-0.9292403746097815,31,31,excluded_as_NA,excluded_and_counted,same_seed_when_complete
ZDT1,hv,MOSADE,MOSADE_eps_zero,higher,paired,wilcoxon_signed_rank,0.0,nan,cliffs_delta_comparison_minus_reference,0.0,31,31,excluded_as_NA,excluded_and_counted,same_seed_when_complete
ZDT1,hv,MOSADE,MOSADE_fixed_eps,higher,paired,wilcoxon_signed_rank,0.0,nan,cliffs_delta_comparison_minus_reference,0.0,31,31,excluded_as_NA,excluded_and_counted,same_seed_when_complete
ZDT1,hv,MOSADE,MOSADE_fixed_eps_initial,higher,paired,wilcoxon_signed_rank,0.0,nan,cliffs_delta_comparison_minus_reference,0.0,31,31,excluded_as_NA,excluded_and_counted,same_seed_when_complete
ZDT1,hv,MOSADE,MOSADE_no_restart,higher,paired,wilcoxon_signed_rank,123.0,0.01319857221096754,cliffs_delta_comparison_minus_reference,0.3631633714880333,31,31,excluded_as_NA,excluded_and_counted,same_seed_when_complete
ZDT1,hv,MOSADE,MOSADE_shared_memory,higher,paired,wilcoxon_signed_rank,177.0,0.16942174453288317,cliffs_delta_comparison_minus_reference,-0.16337148803329865,31,31,excluded_as_NA,excluded_and_counted,same_seed_when_complete
ZDT1,hv,MOSADE,MOSADE_single_S1,higher,paired,wilcoxon_signed_rank,178.0,0.1756664952263236,cliffs_delta_comparison_minus_reference,0.19250780437044746,31,31,excluded_as_NA,excluded_and_counted,same_seed_when_complete
ZDT1,hv,MOSADE,MOSADE_single_S2,higher,paired,wilcoxon_signed_rank,190.0,0.26389263197779655,cliffs_delta_comparison_minus_reference,-0.21956295525494277,31,31,excluded_as_NA,excluded_and_counted,same_seed_when_complete
ZDT1,hv,MOSADE,MOSADE_single_S3,higher,paired,wilcoxon_signed_rank,0.0,9.313225746154785e-10,cliffs_delta_comparison_minus_reference,-1.0,31,31,excluded_as_NA,excluded_and_counted,same_seed_when_complete
ZDT1,hv,MOSADE,MOSADE_single_S4,higher,paired,wilcoxon_signed_rank,224.0,0.6495812004432082,cliffs_delta_comparison_minus_reference,-0.0967741935483871,31,31,excluded_as_NA,excluded_and_counted,same_seed_when_complete
ZDT1,hv,MOSADE,MOSADE_uniform_strategy,higher,paired,wilcoxon_signed_rank,105.0,0.00413934513926506,cliffs_delta_comparison_minus_reference,-0.46514047866805414,31,31,excluded_as_NA,excluded_and_counted,same_seed_when_complete
ZDT1,igd,MOSADE,MOSADE_domselect,lower,paired,wilcoxon_signed_rank,7.0,1.7695128917694092e-08,cliffs_delta_comparison_minus_reference,0.8834547346514048,31,31,excluded_as_NA,excluded_and_counted,same_seed_when_complete
ZDT1,igd,MOSADE,MOSADE_eps_zero,lower,paired,wilcoxon_signed_rank,0.0,nan,cliffs_delta_comparison_minus_reference,0.0,31,31,excluded_as_NA,excluded_and_counted,same_seed_when_complete
ZDT1,igd,MOSADE,MOSADE_fixed_eps,lower,paired,wilcoxon_signed_rank,0.0,nan,cliffs_delta_comparison_minus_reference,0.0,31,31,excluded_as_NA,excluded_and_counted,same_seed_when_complete
ZDT1,igd,MOSADE,MOSADE_fixed_eps_initial,lower,paired,wilcoxon_signed_rank,0.0,nan,cliffs_delta_comparison_minus_reference,0.0,31,31,excluded_as_NA,excluded_and_counted,same_seed_when_complete
ZDT1,igd,MOSADE,MOSADE_no_restart,lower,paired,wilcoxon_signed_rank,234.0,0.7942198486998677,cliffs_delta_comparison_minus_reference,0.013527575442247659,31,31,excluded_as_NA,excluded_and_counted,same_seed_when_complete
ZDT1,igd,MOSADE,MOSADE_shared_memory,lower,paired,wilcoxon_signed_rank,201.0,0.3672574386000633,cliffs_delta_comparison_minus_reference,0.05931321540062435,31,31,excluded_as_NA,excluded_and_counted,same_seed_when_complete
ZDT1,igd,MOSADE,MOSADE_single_S1,lower,paired,wilcoxon_signed_rank,169.0,0.12516957335174084,cliffs_delta_comparison_minus_reference,-0.22164412070759626,31,31,excluded_as_NA,excluded_and_counted,same_seed_when_complete
ZDT1,igd,MOSADE,MOSADE_single_S2,lower,paired,wilcoxon_signed_rank,210.0,0.4677626034244895,cliffs_delta_comparison_minus_reference,0.15088449531737774,31,31,excluded_as_NA,excluded_and_counted,same_seed_when_complete
ZDT1,igd,MOSADE,MOSADE_single_S3,lower,paired,wilcoxon_signed_rank,0.0,9.313225746154785e-10,cliffs_delta_comparison_minus_reference,1.0,31,31,excluded_as_NA,excluded_and_counted,same_seed_when_complete
ZDT1,igd,MOSADE,MOSADE_single_S4,lower,paired,wilcoxon_signed_rank,243.0,0.9307350646704435,cliffs_delta_comparison_minus_reference,0.04058272632674298,31,31,excluded_as_NA,excluded_and_counted,same_seed_when_complete
ZDT1,igd,MOSADE,MOSADE_uniform_strategy,lower,paired,wilcoxon_signed_rank,180.0,0.18865238688886166,cliffs_delta_comparison_minus_reference,0.1841831425598335,31,31,excluded_as_NA,excluded_and_counted,same_seed_when_complete
ZDT1,igd_plus,MOSADE,MOSADE_domselect,lower,paired,wilcoxon_signed_rank,2.0,2.7939677238464355e-09,cliffs_delta_comparison_minus_reference,0.9812695109261186,31,31,excluded_as_NA,excluded_and_counted,same_seed_when_complete
ZDT1,igd_plus,MOSADE,MOSADE_eps_zero,lower,paired,wilcoxon_signed_rank,0.0,nan,cliffs_delta_comparison_minus_reference,0.0,31,31,excluded_as_NA,excluded_and_counted,same_seed_when_complete
ZDT1,igd_plus,MOSADE,MOSADE_fixed_eps,lower,paired,wilcoxon_signed_rank,0.0,nan,cliffs_delta_comparison_minus_reference,0.0,31,31,excluded_as_NA,excluded_and_counted,same_seed_when_complete
ZDT1,igd_plus,MOSADE,MOSADE_fixed_eps_initial,lower,paired,wilcoxon_signed_rank,0.0,nan,cliffs_delta_comparison_minus_reference,0.0,31,31,excluded_as_NA,excluded_and_counted,same_seed_when_complete
ZDT1,igd_plus,MOSADE,MOSADE_no_restart,lower,paired,wilcoxon_signed_rank,119.0,0.010358627885580063,cliffs_delta_comparison_minus_reference,-0.3881373569198751,31,31,excluded_as_NA,excluded_and_counted,same_seed_when_complete
ZDT1,igd_plus,MOSADE,MOSADE_shared_memory,lower,paired,wilcoxon_signed_rank,185.0,0.2240869216620922,cliffs_delta_comparison_minus_reference,0.06347554630593132,31,31,excluded_as_NA,excluded_and_counted,same_seed_when_complete
ZDT1,igd_plus,MOSADE,MOSADE_single_S1,lower,paired,wilcoxon_signed_rank,106.0,0.0044362908229231834,cliffs_delta_comparison_minus_reference,-0.3007284079084287,31,31,excluded_as_NA,excluded_and_counted,same_seed_when_complete
ZDT1,igd_plus,MOSADE,MOSADE_single_S2,lower,paired,wilcoxon_signed_rank,219.0,0.5814498504623771,cliffs_delta_comparison_minus_reference,-0.01768990634755463,31,31,excluded_as_NA,excluded_and_counted,same_seed_when_complete
ZDT1,igd_plus,MOSADE,MOSADE_single_S3,lower,paired,wilcoxon_signed_rank,0.0,9.313225746154785e-10,cliffs_delta_comparison_minus_reference,1.0,31,31,excluded_as_NA,excluded_and_counted,same_seed_when_complete
ZDT1,igd_plus,MOSADE,MOSADE_single_S4,lower,paired,wilcoxon_signed_rank,207.0,0.43272085953503847,cliffs_delta_comparison_minus_reference,-0.1425598335067638,31,31,excluded_as_NA,excluded_and_counted,same_seed_when_complete
ZDT1,igd_plus,MOSADE,MOSADE_uniform_strategy,lower,paired,wilcoxon_signed_rank,100.0,0.0029005883261561394,cliffs_delta_comparison_minus_reference,0.4422476586888658,31,31,excluded_as_NA,excluded_and_counted,same_seed_when_complete
ZDT1,gd,MOSADE,MOSADE_domselect,lower,paired,wilcoxon_signed_rank,208.0,0.444234280847013,cliffs_delta_comparison_minus_reference,-0.007284079084287201,31,31,excluded_as_NA,excluded_and_counted,same_seed_when_complete
ZDT1,gd,MOSADE,MOSADE_eps_zero,lower,paired,wilcoxon_signed_rank,0.0,nan,cliffs_delta_comparison_minus_reference,0.0,31,31,excluded_as_NA,excluded_and_counted,same_seed_when_complete
ZDT1,gd,MOSADE,MOSADE_fixed_eps,lower,paired,wilcoxon_signed_rank,0.0,nan,cliffs_delta_comparison_minus_reference,0.0,31,31,excluded_as_NA,excluded_and_counted,same_seed_when_complete
ZDT1,gd,MOSADE,MOSADE_fixed_eps_initial,lower,paired,wilcoxon_signed_rank,0.0,nan,cliffs_delta_comparison_minus_reference,0.0,31,31,excluded_as_NA,excluded_and_counted,same_seed_when_complete
ZDT1,gd,MOSADE,MOSADE_no_restart,lower,paired,wilcoxon_signed_rank,195.0,0.3081742124632001,cliffs_delta_comparison_minus_reference,-0.16545265348595214,31,31,excluded_as_NA,excluded_and_counted,same_seed_when_complete
ZDT1,gd,MOSADE,MOSADE_shared_memory,lower,paired,wilcoxon_signed_rank,222.0,0.6219436237588525,cliffs_delta_comparison_minus_reference,-0.06971904266389178,31,31,excluded_as_NA,excluded_and_counted,same_seed_when_complete
ZDT1,gd,MOSADE,MOSADE_single_S1,lower,paired,wilcoxon_signed_rank,218.0,0.5682233804836869,cliffs_delta_comparison_minus_reference,0.08220603537981269,31,31,excluded_as_NA,excluded_and_counted,same_seed_when_complete
ZDT1,gd,MOSADE,MOSADE_single_S2,lower,paired,wilcoxon_signed_rank,215.0,0.529405927285552,cliffs_delta_comparison_minus_reference,0.15920915712799166,31,31,excluded_as_NA,excluded_and_counted,same_seed_when_complete
ZDT1,gd,MOSADE,MOSADE_single_S3,lower,paired,wilcoxon_signed_rank,127.0,0.016678825952112675,cliffs_delta_comparison_minus_reference,0.5442247658688866,31,31,excluded_as_NA,excluded_and_counted,same_seed_when_complete
ZDT1,gd,MOSADE,MOSADE_single_S4,lower,paired,wilcoxon_signed_rank,228.0,0.7062525749206543,cliffs_delta_comparison_minus_reference,-0.055150884495317375,31,31,excluded_as_NA,excluded_and_counted,same_seed_when_complete
ZDT1,gd,MOSADE,MOSADE_uniform_strategy,lower,paired,wilcoxon_signed_rank,189.0,0.25557575561106205,cliffs_delta_comparison_minus_reference,0.1696149843912591,31,31,excluded_as_NA,excluded_and_counted,same_seed_when_complete
ZDT1,spread,MOSADE,MOSADE_domselect,lower,paired,wilcoxon_signed_rank,190.0,0.26389263197779655,cliffs_delta_comparison_minus_reference,0.4380853277835588,31,31,excluded_as_NA,excluded_and_counted,same_seed_when_complete
ZDT1,spread,MOSADE,MOSADE_eps_zero,lower,paired,wilcoxon_signed_rank,0.0,nan,cliffs_delta_comparison_minus_reference,0.0,31,31,excluded_as_NA,excluded_and_counted,same_seed_when_complete
ZDT1,spread,MOSADE,MOSADE_fixed_eps,lower,paired,wilcoxon_signed_rank,0.0,nan,cliffs_delta_comparison_minus_reference,0.0,31,31,excluded_as_NA,excluded_and_counted,same_seed_when_complete
ZDT1,spread,MOSADE,MOSADE_fixed_eps_initial,lower,paired,wilcoxon_signed_rank,0.0,nan,cliffs_delta_comparison_minus_reference,0.0,31,31,excluded_as_NA,excluded_and_counted,same_seed_when_complete
ZDT1,spread,MOSADE,MOSADE_no_restart,lower,paired,wilcoxon_signed_rank,122.0,0.012432587333023548,cliffs_delta_comparison_minus_reference,-0.331945889698231,31,31,excluded_as_NA,excluded_and_counted,same_seed_when_complete
ZDT1,spread,MOSADE,MOSADE_shared_memory,lower,paired,wilcoxon_signed_rank,237.0,0.8392556216567755,cliffs_delta_comparison_minus_reference,-0.007284079084287201,31,31,excluded_as_NA,excluded_and_counted,same_seed_when_complete
ZDT1,spread,MOSADE,MOSADE_single_S1,lower,paired,wilcoxon_signed_rank,221.0,0.608313562348485,cliffs_delta_comparison_minus_reference,0.021852237252861603,31,31,excluded_as_NA,excluded_and_counted,same_seed_when_complete
ZDT1,spread,MOSADE,MOSADE_single_S2,lower,paired,wilcoxon_signed_rank,176.0,0.16334008984267712,cliffs_delta_comparison_minus_reference,0.39854318418314255,31,31,excluded_as_NA,excluded_and_counted,same_seed_when_complete
ZDT1,spread,MOSADE,MOSADE_single_S3,lower,paired,wilcoxon_signed_rank,130.0,0.019774673506617546,cliffs_delta_comparison_minus_reference,0.47346514047866806,31,31,excluded_as_NA,excluded_and_counted,same_seed_when_complete
ZDT1,spread,MOSADE,MOSADE_single_S4,lower,paired,wilcoxon_signed_rank,242.0,0.9153939224779606,cliffs_delta_comparison_minus_reference,0.03850156087408949,31,31,excluded_as_NA,excluded_and_counted,same_seed_when_complete
ZDT1,spread,MOSADE,MOSADE_uniform_strategy,lower,paired,wilcoxon_signed_rank,206.0,0.42137710005044937,cliffs_delta_comparison_minus_reference,-0.04058272632674298,31,31,excluded_as_NA,excluded_and_counted,same_seed_when_complete
ZDT1,time_s,MOSADE,MOSADE_domselect,lower,paired,wilcoxon_signed_rank,0.0,9.313225746154785e-10,cliffs_delta_comparison_minus_reference,1.0,31,31,excluded_as_NA,excluded_and_counted,same_seed_when_complete
ZDT1,time_s,MOSADE,MOSADE_eps_zero,lower,paired,wilcoxon_signed_rank,4.0,6.51925802230835e-09,cliffs_delta_comparison_minus_reference,0.8668054110301769,31,31,excluded_as_NA,excluded_and_counted,same_seed_when_complete
ZDT1,time_s,MOSADE,MOSADE_fixed_eps,lower,paired,wilcoxon_signed_rank,0.0,9.313225746154785e-10,cliffs_delta_comparison_minus_reference,1.0,31,31,excluded_as_NA,excluded_and_counted,same_seed_when_complete
ZDT1,time_s,MOSADE,MOSADE_fixed_eps_initial,lower,paired,wilcoxon_signed_rank,0.0,9.313225746154785e-10,cliffs_delta_comparison_minus_reference,0.9375650364203955,31,31,excluded_as_NA,excluded_and_counted,same_seed_when_complete
ZDT1,time_s,MOSADE,MOSADE_no_restart,lower,paired,wilcoxon_signed_rank,77.0,0.00045317597687244415,cliffs_delta_comparison_minus_reference,0.5234131113423517,31,31,excluded_as_NA,excluded_and_counted,same_seed_when_complete
ZDT1,time_s,MOSADE,MOSADE_shared_memory,lower,paired,wilcoxon_signed_rank,1.0,1.862645149230957e-09,cliffs_delta_comparison_minus_reference,0.9292403746097815,31,31,excluded_as_NA,excluded_and_counted,same_seed_when_complete
ZDT1,time_s,MOSADE,MOSADE_single_S1,lower,paired,wilcoxon_signed_rank,0.0,9.313225746154785e-10,cliffs_delta_comparison_minus_reference,0.991675338189386,31,31,excluded_as_NA,excluded_and_counted,same_seed_when_complete
ZDT1,time_s,MOSADE,MOSADE_single_S2,lower,paired,wilcoxon_signed_rank,0.0,9.313225746154785e-10,cliffs_delta_comparison_minus_reference,-0.9500520291363164,31,31,excluded_as_NA,excluded_and_counted,same_seed_when_complete
ZDT1,time_s,MOSADE,MOSADE_single_S3,lower,paired,wilcoxon_signed_rank,0.0,9.313225746154785e-10,cliffs_delta_comparison_minus_reference,-0.9396462018730489,31,31,excluded_as_NA,excluded_and_counted,same_seed_when_complete
ZDT1,time_s,MOSADE,MOSADE_single_S4,lower,paired,wilcoxon_signed_rank,1.0,1.862645149230957e-09,cliffs_delta_comparison_minus_reference,0.9771071800208116,31,31,excluded_as_NA,excluded_and_counted,same_seed_when_complete
ZDT1,time_s,MOSADE,MOSADE_uniform_strategy,lower,paired,wilcoxon_signed_rank,18.0,2.3562461137771606e-07,cliffs_delta_comparison_minus_reference,0.6212278876170656,31,31,excluded_as_NA,excluded_and_counted,same_seed_when_complete
ZDT3,hv,MOSADE,MOSADE_domselect,higher,paired,wilcoxon_signed_rank,219.0,0.5814498504623771,cliffs_delta_comparison_minus_reference,-0.10926118626430802,31,31,excluded_as_NA,excluded_and_counted,same_seed_when_complete
ZDT3,hv,MOSADE,MOSADE_eps_zero,higher,paired,wilcoxon_signed_rank,0.0,nan,cliffs_delta_comparison_minus_reference,0.0,31,31,excluded_as_NA,excluded_and_counted,same_seed_when_complete
ZDT3,hv,MOSADE,MOSADE_fixed_eps,higher,paired,wilcoxon_signed_rank,0.0,nan,cliffs_delta_comparison_minus_reference,0.0,31,31,excluded_as_NA,excluded_and_counted,same_seed_when_complete
ZDT3,hv,MOSADE,MOSADE_fixed_eps_initial,higher,paired,wilcoxon_signed_rank,0.0,nan,cliffs_delta_comparison_minus_reference,0.0,31,31,excluded_as_NA,excluded_and_counted,same_seed_when_complete
ZDT3,hv,MOSADE,MOSADE_no_restart,higher,paired,wilcoxon_signed_rank,84.0,0.0008311951532959938,cliffs_delta_comparison_minus_reference,0.5920915712799167,31,31,excluded_as_NA,excluded_and_counted,same_seed_when_complete
ZDT3,hv,MOSADE,MOSADE_shared_memory,higher,paired,wilcoxon_signed_rank,184.0,0.21665488090366125,cliffs_delta_comparison_minus_reference,-0.24037460978147762,31,31,excluded_as_NA,excluded_and_counted,same_seed_when_complete
ZDT3,hv,MOSADE,MOSADE_single_S1,higher,paired,wilcoxon_signed_rank,171.0,0.13531039096415043,cliffs_delta_comparison_minus_reference,-0.1987513007284079,31,31,excluded_as_NA,excluded_and_counted,same_seed_when_complete
ZDT3,hv,MOSADE,MOSADE_single_S2,higher,paired,wilcoxon_signed_rank,235.0,0.8091655615717173,cliffs_delta_comparison_minus_reference,-0.001040582726326743,31,31,excluded_as_NA,excluded_and_counted,same_seed_when_complete
ZDT3,hv,MOSADE,MOSADE_single_S3,higher,paired,wilcoxon_signed_rank,0.0,9.313225746154785e-10,cliffs_delta_comparison_minus_reference,-1.0,31,31,excluded_as_NA,excluded_and_counted,same_seed_when_complete
ZDT3,hv,MOSADE,MOSADE_single_S4,higher,paired,wilcoxon_signed_rank,219.0,0.5814498504623771,cliffs_delta_comparison_minus_reference,-0.06555671175858481,31,31,excluded_as_NA,excluded_and_counted,same_seed_when_complete
ZDT3,hv,MOSADE,MOSADE_uniform_strategy,higher,paired,wilcoxon_signed_rank,172.0,0.14060599450021982,cliffs_delta_comparison_minus_reference,-0.24869927159209157,31,31,excluded_as_NA,excluded_and_counted,same_seed_when_complete
ZDT3,igd,MOSADE,MOSADE_domselect,lower,paired,wilcoxon_signed_rank,36.0,4.6193599700927734e-06,cliffs_delta_comparison_minus_reference,0.704474505723205,31,31,excluded_as_NA,excluded_and_counted,same_seed_when_complete
ZDT3,igd,MOSADE,MOSADE_eps_zero,lower,paired,wilcoxon_signed_rank,0.0,nan,cliffs_delta_comparison_minus_reference,0.0,31,31,excluded_as_NA,excluded_and_counted,same_seed_when_complete
ZDT3,igd,MOSADE,MOSADE_fixed_eps,lower,paired,wilcoxon_signed_rank,0.0,nan,cliffs_delta_comparison_minus_reference,0.0,31,31,excluded_as_NA,excluded_and_counted,same_seed_when_complete
ZDT3,igd,MOSADE,MOSADE_fixed_eps_initial,lower,paired,wilcoxon_signed_rank,0.0,nan,cliffs_delta_comparison_minus_reference,0.0,31,31,excluded_as_NA,excluded_and_counted,same_seed_when_complete
ZDT3,igd,MOSADE,MOSADE_no_restart,lower,paired,wilcoxon_signed_rank,100.0,0.0029005883261561394,cliffs_delta_comparison_minus_reference,-0.4630593132154006,31,31,excluded_as_NA,excluded_and_counted,same_seed_when_complete
ZDT3,igd,MOSADE,MOSADE_shared_memory,lower,paired,wilcoxon_signed_rank,239.0,0.8695757398381829,cliffs_delta_comparison_minus_reference,0.030176899063475548,31,31,excluded_as_NA,excluded_and_counted,same_seed_when_complete
ZDT3,igd,MOSADE,MOSADE_single_S1,lower,paired,wilcoxon_signed_rank,181.0,0.1953968871384859,cliffs_delta_comparison_minus_reference,0.18834547346514047,31,31,excluded_as_NA,excluded_and_counted,same_seed_when_complete
ZDT3,igd,MOSADE,MOSADE_single_S2,lower,paired,wilcoxon_signed_rank,105.0,0.00413934513926506,cliffs_delta_comparison_minus_reference,0.413111342351717,31,31,excluded_as_NA,excluded_and_counted,same_seed_when_complete
ZDT3,igd,MOSADE,MOSADE_single_S3,lower,paired,wilcoxon_signed_rank,0.0,9.313225746154785e-10,cliffs_delta_comparison_minus_reference,1.0,31,31,excluded_as_NA,excluded_and_counted,same_seed_when_complete
ZDT3,igd,MOSADE,MOSADE_single_S4,lower,paired,wilcoxon_signed_rank,209.0,0.4559155162423849,cliffs_delta_comparison_minus_reference,0.007284079084287201,31,31,excluded_as_NA,excluded_and_counted,same_seed_when_complete
ZDT3,igd,MOSADE,MOSADE_uniform_strategy,lower,paired,wilcoxon_signed_rank,177.0,0.16942174453288317,cliffs_delta_comparison_minus_reference,-0.22164412070759626,31,31,excluded_as_NA,excluded_and_counted,same_seed_when_complete
ZDT3,igd_plus,MOSADE,MOSADE_domselect,lower,paired,wilcoxon_signed_rank,37.0,5.317851901054382e-06,cliffs_delta_comparison_minus_reference,0.6649323621227887,31,31,excluded_as_NA,excluded_and_counted,same_seed_when_complete
ZDT3,igd_plus,MOSADE,MOSADE_eps_zero,lower,paired,wilcoxon_signed_rank,0.0,nan,cliffs_delta_comparison_minus_reference,0.0,31,31,excluded_as_NA,excluded_and_counted,same_seed_when_complete
ZDT3,igd_plus,MOSADE,MOSADE_fixed_eps,lower,paired,wilcoxon_signed_rank,0.0,nan,cliffs_delta_comparison_minus_reference,0.0,31,31,excluded_as_NA,excluded_and_counted,same_seed_when_complete
ZDT3,igd_plus,MOSADE,MOSADE_fixed_eps_initial,lower,paired,wilcoxon_signed_rank,0.0,nan,cliffs_delta_comparison_minus_reference,0.0,31,31,excluded_as_NA,excluded_and_counted,same_seed_when_complete
ZDT3,igd_plus,MOSADE,MOSADE_no_restart,lower,paired,wilcoxon_signed_rank,94.0,0.0018533961847424507,cliffs_delta_comparison_minus_reference,-0.43184183142559834,31,31,excluded_as_NA,excluded_and_counted,same_seed_when_complete
ZDT3,igd_plus,MOSADE,MOSADE_shared_memory,lower,paired,wilcoxon_signed_rank,157.0,0.07593795005232096,cliffs_delta_comparison_minus_reference,0.33610822060353795,31,31,excluded_as_NA,excluded_and_counted,same_seed_when_complete
ZDT3,igd_plus,MOSADE,MOSADE_single_S1,lower,paired,wilcoxon_signed_rank,139.0,0.03211137559264898,cliffs_delta_comparison_minus_reference,0.331945889698231,31,31,excluded_as_NA,excluded_and_counted,same_seed_when_complete
ZDT3,igd_plus,MOSADE,MOSADE_single_S2,lower,paired,wilcoxon_signed_rank,230.0,0.7352173123508692,cliffs_delta_comparison_minus_reference,0.044745057232049947,31,31,excluded_as_NA,excluded_and_counted,same_seed_when_complete
ZDT3,igd_plus,MOSADE,MOSADE_single_S3,lower,paired,wilcoxon_signed_rank,0.0,9.313225746154785e-10,cliffs_delta_comparison_minus_reference,1.0,31,31,excluded_as_NA,excluded_and_counted,same_seed_when_complete
ZDT3,igd_plus,MOSADE,MOSADE_single_S4,lower,paired,wilcoxon_signed_rank,206.0,0.42137710005044937,cliffs_delta_comparison_minus_reference,0.13631633714880334,31,31,excluded_as_NA,excluded_and_counted,same_seed_when_complete
ZDT3,igd_plus,MOSADE,MOSADE_uniform_strategy,lower,paired,wilcoxon_signed_rank,149.0,0.052696118131279945,cliffs_delta_comparison_minus_reference,0.2882414151925078,31,31,excluded_as_NA,excluded_and_counted,same_seed_when_complete
ZDT3,gd,MOSADE,MOSADE_domselect,lower,paired,wilcoxon_signed_rank,105.0,0.00413934513926506,cliffs_delta_comparison_minus_reference,-0.3028095733610822,31,31,excluded_as_NA,excluded_and_counted,same_seed_when_complete
ZDT3,gd,MOSADE,MOSADE_eps_zero,lower,paired,wilcoxon_signed_rank,0.0,nan,cliffs_delta_comparison_minus_reference,0.0,31,31,excluded_as_NA,excluded_and_counted,same_seed_when_complete
ZDT3,gd,MOSADE,MOSADE_fixed_eps,lower,paired,wilcoxon_signed_rank,0.0,nan,cliffs_delta_comparison_minus_reference,0.0,31,31,excluded_as_NA,excluded_and_counted,same_seed_when_complete
ZDT3,gd,MOSADE,MOSADE_fixed_eps_initial,lower,paired,wilcoxon_signed_rank,0.0,nan,cliffs_delta_comparison_minus_reference,0.0,31,31,excluded_as_NA,excluded_and_counted,same_seed_when_complete
ZDT3,gd,MOSADE,MOSADE_no_restart,lower,paired,wilcoxon_signed_rank,170.0,0.13016566075384617,cliffs_delta_comparison_minus_reference,-0.1571279916753382,31,31,excluded_as_NA,excluded_and_counted,same_seed_when_complete
ZDT3,gd,MOSADE,MOSADE_shared_memory,lower,paired,wilcoxon_signed_rank,221.0,0.608313562348485,cliffs_delta_comparison_minus_reference,-0.13423517169614985,31,31,excluded_as_NA,excluded_and_counted,same_seed_when_complete
ZDT3,gd,MOSADE,MOSADE_single_S1,lower,paired,wilcoxon_signed_rank,229.0,0.7206862810999155,cliffs_delta_comparison_minus_reference,0.04058272632674298,31,31,excluded_as_NA,excluded_and_counted,same_seed_when_complete
ZDT3,gd,MOSADE,MOSADE_single_S2,lower,paired,wilcoxon_signed_rank,227.0,0.691920786164701,cliffs_delta_comparison_minus_reference,0.16337148803329865,31,31,excluded_as_NA,excluded_and_counted,same_seed_when_complete
ZDT3,gd,MOSADE,MOSADE_single_S3,lower,paired,wilcoxon_signed_rank,154.0,0.06642110086977482,cliffs_delta_comparison_minus_reference,0.47346514047866806,31,31,excluded_as_NA,excluded_and_counted,same_seed_when_complete
ZDT3,gd,MOSADE,MOSADE_single_S4,lower,paired,wilcoxon_signed_rank,155.0,0.06948136258870363,cliffs_delta_comparison_minus_reference,-0.20915712799167535,31,31,excluded_as_NA,excluded_and_counted,same_seed_when_complete
ZDT3,gd,MOSADE,MOSADE_uniform_strategy,lower,paired,wilcoxon_signed_rank,218.0,0.5682233804836869,cliffs_delta_comparison_minus_reference,-0.03433922996878252,31,31,excluded_as_NA,excluded_and_counted,same_seed_when_complete
ZDT3,spread,MOSADE,MOSADE_domselect,lower,paired,wilcoxon_signed_rank,245.0,0.9614869365468621,cliffs_delta_comparison_minus_reference,0.1529656607700312,31,31,excluded_as_NA,excluded_and_counted,same_seed_when_complete
ZDT3,spread,MOSADE,MOSADE_eps_zero,lower,paired,wilcoxon_signed_rank,0.0,nan,cliffs_delta_comparison_minus_reference,0.0,31,31,excluded_as_NA,excluded_and_counted,same_seed_when_complete
ZDT3,spread,MOSADE,MOSADE_fixed_eps,lower,paired,wilcoxon_signed_rank,0.0,nan,cliffs_delta_comparison_minus_reference,0.0,31,31,excluded_as_NA,excluded_and_counted,same_seed_when_complete
ZDT3,spread,MOSADE,MOSADE_fixed_eps_initial,lower,paired,wilcoxon_signed_rank,0.0,nan,cliffs_delta_comparison_minus_reference,0.0,31,31,excluded_as_NA,excluded_and_counted,same_seed_when_complete
ZDT3,spread,MOSADE,MOSADE_no_restart,lower,paired,wilcoxon_signed_rank,71.0,0.00026073306798934937,cliffs_delta_comparison_minus_reference,-0.6462018730489074,31,31,excluded_as_NA,excluded_and_counted,same_seed_when_complete
ZDT3,spread,MOSADE,MOSADE_shared_memory,lower,paired,wilcoxon_signed_rank,209.0,0.4559155162423849,cliffs_delta_comparison_minus_reference,-0.14672216441207075,31,31,excluded_as_NA,excluded_and_counted,same_seed_when_complete
ZDT3,spread,MOSADE,MOSADE_single_S1,lower,paired,wilcoxon_signed_rank,224.0,0.6495812004432082,cliffs_delta_comparison_minus_reference,-0.13631633714880334,31,31,excluded_as_NA,excluded_and_counted,same_seed_when_complete
ZDT3,spread,MOSADE,MOSADE_single_S2,lower,paired,wilcoxon_signed_rank,171.0,0.13531039096415043,cliffs_delta_comparison_minus_reference,0.3028095733610822,31,31,excluded_as_NA,excluded_and_counted,same_seed_when_complete
ZDT3,spread,MOSADE,MOSADE_single_S3,lower,paired,wilcoxon_signed_rank,189.0,0.25557575561106205,cliffs_delta_comparison_minus_reference,0.2570239334027055,31,31,excluded_as_NA,excluded_and_counted,same_seed_when_complete
ZDT3,spread,MOSADE,MOSADE_single_S4,lower,paired,wilcoxon_signed_rank,146.0,0.045629615895450115,cliffs_delta_comparison_minus_reference,-0.2445369406867846,31,31,excluded_as_NA,excluded_and_counted,same_seed_when_complete
ZDT3,spread,MOSADE,MOSADE_uniform_strategy,lower,paired,wilcoxon_signed_rank,188.0,0.24743753485381603,cliffs_delta_comparison_minus_reference,-0.2008324661810614,31,31,excluded_as_NA,excluded_and_counted,same_seed_when_complete
ZDT3,time_s,MOSADE,MOSADE_domselect,lower,paired,wilcoxon_signed_rank,0.0,9.313225746154785e-10,cliffs_delta_comparison_minus_reference,1.0,31,31,excluded_as_NA,excluded_and_counted,same_seed_when_complete
ZDT3,time_s,MOSADE,MOSADE_eps_zero,lower,paired,wilcoxon_signed_rank,0.0,9.313225746154785e-10,cliffs_delta_comparison_minus_reference,0.8938605619146722,31,31,excluded_as_NA,excluded_and_counted,same_seed_when_complete
ZDT3,time_s,MOSADE,MOSADE_fixed_eps,lower,paired,wilcoxon_signed_rank,0.0,9.313225746154785e-10,cliffs_delta_comparison_minus_reference,1.0,31,31,excluded_as_NA,excluded_and_counted,same_seed_when_complete
ZDT3,time_s,MOSADE,MOSADE_fixed_eps_initial,lower,paired,wilcoxon_signed_rank,0.0,9.313225746154785e-10,cliffs_delta_comparison_minus_reference,0.8980228928199792,31,31,excluded_as_NA,excluded_and_counted,same_seed_when_complete
ZDT3,time_s,MOSADE,MOSADE_no_restart,lower,paired,wilcoxon_signed_rank,101.0,0.0031182998791337013,cliffs_delta_comparison_minus_reference,0.3215400624349636,31,31,excluded_as_NA,excluded_and_counted,same_seed_when_complete
ZDT3,time_s,MOSADE,MOSADE_shared_memory,lower,paired,wilcoxon_signed_rank,65.0,0.0001450907438993454,cliffs_delta_comparison_minus_reference,-0.4797086368366285,31,31,excluded_as_NA,excluded_and_counted,same_seed_when_complete
ZDT3,time_s,MOSADE,MOSADE_single_S1,lower,paired,wilcoxon_signed_rank,0.0,9.313225746154785e-10,cliffs_delta_comparison_minus_reference,1.0,31,31,excluded_as_NA,excluded_and_counted,same_seed_when_complete
ZDT3,time_s,MOSADE,MOSADE_single_S2,lower,paired,wilcoxon_signed_rank,171.0,0.13531039096415043,cliffs_delta_comparison_minus_reference,-0.2154006243496358,31,31,excluded_as_NA,excluded_and_counted,same_seed_when_complete
ZDT3,time_s,MOSADE,MOSADE_single_S3,lower,paired,wilcoxon_signed_rank,0.0,9.313225746154785e-10,cliffs_delta_comparison_minus_reference,-0.9791883454734651,31,31,excluded_as_NA,excluded_and_counted,same_seed_when_complete
ZDT3,time_s,MOSADE,MOSADE_single_S4,lower,paired,wilcoxon_signed_rank,0.0,9.313225746154785e-10,cliffs_delta_comparison_minus_reference,1.0,31,31,excluded_as_NA,excluded_and_counted,same_seed_when_complete
ZDT3,time_s,MOSADE,MOSADE_uniform_strategy,lower,paired,wilcoxon_signed_rank,0.0,9.313225746154785e-10,cliffs_delta_comparison_minus_reference,1.0,31,31,excluded_as_NA,excluded_and_counted,same_seed_when_complete
